{
  "data" : {
    "lookups" : [
      "free-text",
      "keywords"
    ],
    "name" : "intent",
    "lang" : "ru",
    "exotic" : false,
    "id" : "intent",
    "values" : [
      {
        "value" : "day",
        "expressions" : [
          "вчера",
          "завтра",
          "послезавтра"
        ]
      },
      {
        "value" : "no_days",
        "expressions" : [
          "дней"
        ]
      }
    ],
    "doc" : "User-defined entity",
    "builtin" : false
  }
}