No,Rooms,DistMetro,Area,Price
1,3,12,56,9396
2,2,4,54,9785
3,1,2,31,5783
4,2,8,48,9123
5,1,11,31,5662
6,3,19,65,11318
7,3,13,69,11301
8,2,12,52,7908
9,3,3,68,13279
10,2,5,46,8047
11,3,18,63,11653
12,1,14,25,4206
13,3,5,61,11840
14,1,11,24,4703
15,3,11,71,11234
16,2,0,49,10305
17,2,9,57,9270
18,3,7,67,12988
19,1,2,30,6488
20,2,14,45,7880
21,2,9,38,5941
22,3,11,79,14133
23,1,12,27,4930
24,3,15,64,12458
25,3,7,55,11784
26,1,3,35,7084
27,2,11,50,9371
28,3,19,78,12205
29,3,15,63,12919
30,3,6,80,13235
31,1,10,32,6194
32,1,3,27,5605
33,2,2,50,10642
34,2,0,57,10390
35,1,2,26,5015
36,3,8,69,12783
37,3,17,79,14265
38,1,4,26,4058
39,1,18,23,4453
40,1,13,27,4709
41,1,1,30,6979
42,1,1,22,4655
43,2,8,53,10317
44,3,0,55,11808
45,1,3,31,6789
46,2,8,39,7048
47,2,4,38,7342
48,1,19,31,5575
49,1,15,25,4852
50,3,13,57,10761
51,2,6,58,12214
52,2,12,55,10263
53,3,11,61,9948
54,3,17,64,10136
55,1,5,35,7232
56,2,3,53,9211
57,3,13,63,8825
58,1,3,24,5517
59,2,6,58,10317
60,1,4,30,6427
61,2,13,48,7949
62,2,0,42,9171
63,2,1,52,9785
64,3,16,78,13808
65,3,2,80,15004
66,2,9,49,9249
67,2,1,38,6335
68,2,14,40,6998
69,2,7,49,10306
70,2,0,47,9034
71,3,17,52,8707
72,3,13,62,11259
73,3,15,66,11986
74,1,5,33,6979
75,2,15,42,8025
76,3,18,69,9388
77,1,10,22,4136
78,2,14,58,10843
79,1,6,32,6683
80,2,4,42,9648
81,2,12,52,9828
82,3,13,70,10597
83,2,13,42,6262
84,2,17,54,8362
85,3,8,60,10336
86,2,3,51,8623
87,3,13,71,11421
88,1,0,24,5432
89,1,14,22,4230
90,1,12,30,4836
91,1,8,24,5303
92,1,16,24,3947
93,2,1,45,8245
94,1,17,25,4436
95,2,10,44,9030
96,3,19,74,12232
97,1,18,26,4238
98,1,6,28,5143
99,1,1,22,5301
100,1,13,30,5543
101,1,19,27,4277
102,3,10,69,12337
103,1,11,34,7443
104,1,3,31,6156
105,3,3,64,11434
106,2,4,48,9454
107,1,9,31,5704
108,3,13,55,9983
109,3,16,78,14215
110,2,10,56,9661
111,1,10,27,5746
112,3,1,71,12828
113,3,14,52,7201
114,1,3,25,4978
115,3,11,77,10765
116,2,17,56,9473
117,1,16,23,3586
118,2,15,53,9082
119,3,3,54,11184
120,2,13,48,8001
121,2,1,43,8945
122,1,17,24,4033
123,3,5,69,12054
124,3,7,62,11252
125,2,8,49,9072
126,1,16,30,5439
127,1,0,28,5495
128,3,2,69,13338
129,3,16,71,11191
130,1,18,23,2825
131,3,12,72,11424
132,3,2,78,14728
133,2,19,46,6569
134,1,10,27,5182
135,2,10,58,9535
136,2,0,53,9602
137,3,2,73,10889
138,1,9,25,5056
139,1,19,27,4179
140,3,14,56,7614
141,1,0,34,6477
142,3,14,54,9044
143,1,9,26,4938
144,1,12,22,4166
145,1,13,25,3954
146,1,4,35,7339
147,1,5,32,6240
148,2,8,39,8008
149,1,18,27,4361
150,3,15,65,11607
151,1,4,31,6289
152,1,14,24,4142
153,2,16,52,7034
154,3,8,58,11267
155,3,8,54,10902
156,3,12,59,10097
157,3,16,82,13701
158,3,13,78,11796
159,2,8,55,10296
160,1,15,24,3342
161,3,18,62,12511
162,1,1,30,6807
163,2,5,36,5941
164,2,15,46,7599
165,1,3,35,7331
166,3,10,58,8889
167,1,9,27,4562
168,1,3,27,6059
169,3,3,54,9282
170,3,12,82,14422
171,3,14,63,8751
172,1,0,27,5521
173,2,3,56,9560
174,2,0,43,7731
175,3,0,82,16757
176,2,1,45,9588
177,3,14,79,11701
178,2,17,55,10877
179,1,3,30,7240
180,2,17,51,7695
181,3,15,75,14752
182,1,0,33,7221
183,1,19,32,6005
184,1,10,27,5232
185,1,15,28,5355
186,2,7,41,7939
187,3,12,56,10426
188,3,9,76,13127
189,2,14,57,10704
190,3,10,79,14064
191,2,1,57,9991
192,3,7,79,13404
193,3,9,57,10549
194,3,17,58,8949
195,3,7,75,13653
196,1,18,27,5097
197,3,12,54,8890
198,2,3,57,10420
199,1,7,23,4770
200,3,6,69,12523
201,2,15,43,7154
202,2,6,52,9526
203,2,13,42,7021
204,3,13,79,15156
205,1,3,32,7041
206,3,3,64,11565
207,3,7,54,9424
208,2,6,44,9579
209,1,13,21,3451
210,2,1,37,7205
211,3,3,80,14002
212,2,0,54,10004
213,1,7,27,6291
214,3,16,77,12327
215,2,4,48,9125
216,1,9,25,5285
217,2,8,41,6935
218,2,3,51,9378
219,3,5,67,13517
220,1,18,26,4076
221,3,12,83,13896
222,2,17,54,8430
223,1,6,31,6897
224,2,13,45,8089
225,3,5,73,14225
226,2,9,42,6589
227,3,11,59,9662
228,2,15,45,7289
229,1,11,32,4825
230,1,16,27,4738
231,2,16,41,5575
232,2,9,43,6984
233,1,14,28,4843
234,1,2,25,5376
235,3,13,62,11718
236,3,13,70,11427
237,3,13,71,11878
238,1,17,23,3472
239,1,2,29,6343
240,2,8,42,7870
241,3,14,81,15144
242,2,2,47,8324
243,2,1,54,11884
244,2,0,40,7236
245,3,16,67,13945
246,3,1,79,13496
247,2,16,58,10398
248,2,14,49,9403
249,2,6,40,7481
250,2,5,42,8432
251,2,18,53,8519
252,2,15,45,6387
253,1,1,23,5015
254,3,15,58,8942
255,3,3,54,10087
256,2,9,39,7580
257,3,11,74,11562
258,2,3,56,9941
259,2,16,44,8656
260,2,11,42,7849
261,1,9,31,6569
262,2,5,50,10250
263,1,10,28,4932
264,1,16,27,3975
265,1,7,25,4562
266,3,17,55,7669
267,1,15,30,5748
268,3,17,73,11615
269,1,11,29,5366
270,3,3,55,8917
271,1,9,27,5334
272,2,9,57,8250
273,2,1,58,10453
274,3,9,66,10652
275,3,15,54,8744
276,2,2,42,7823
277,3,10,56,9934
278,1,10,25,4569
279,1,16,23,4067
280,1,6,23,4635
281,3,11,58,11935
282,2,5,45,7384
283,2,10,38,6627
284,2,8,39,6494
285,3,5,74,14029
286,1,3,32,6039
287,2,16,51,6915
288,2,2,57,11059
289,2,13,42,7006
290,2,9,41,7855
291,1,8,22,4878
292,3,12,64,11475
293,1,19,29,5067
294,1,17,27,3888
295,1,12,31,6533
296,1,8,34,6509
297,1,18,35,5192
298,1,16,26,5420
299,3,19,70,11111
300,1,0,35,8341
301,2,6,56,9676
302,1,9,30,4708
303,3,6,55,11092
304,3,6,56,10491
305,3,14,75,12506
306,2,10,55,8528
307,1,2,27,5429
308,1,5,29,5430
309,2,8,42,8479
310,2,2,56,10725
311,3,5,81,17142
312,3,7,77,16213
313,2,6,47,10136
314,2,1,52,9757
315,2,14,43,7205
316,1,16,32,4792
317,1,18,32,4691
318,3,14,60,9451
319,1,11,34,5966
320,1,11,23,4436
321,2,11,41,7599
322,1,19,30,5012
323,2,8,54,9299
324,1,3,24,5436
325,1,3,22,4495
326,2,2,40,9083
327,1,17,27,4661
328,3,18,59,10937
329,2,0,53,10797
330,3,16,59,10533
331,3,5,75,13812
332,1,12,29,5956
333,2,1,47,9466
334,1,1,33,6585
335,1,1,22,4914
336,1,19,28,4215
337,3,2,65,11601
338,2,0,51,8494
339,1,4,33,6992
340,2,15,48,8412
341,1,6,27,5053
342,1,17,33,5270
343,2,18,39,6396
344,1,14,25,3921
345,2,4,51,9645
346,2,3,55,10500
347,2,8,40,6872
348,3,19,56,8554
349,2,14,38,7452
350,2,11,40,7949
351,3,1,63,11306
352,2,11,57,9130
353,2,14,42,7635
354,3,14,62,9440
355,2,9,55,9888
356,3,14,67,9710
357,1,9,26,5309
358,1,19,25,3370
359,2,5,57,8624
360,3,3,67,11446
361,2,19,58,10683
362,3,2,77,14760
363,1,9,26,5313
364,3,18,60,10402
365,2,11,40,7157
366,3,4,81,16374
367,1,14,25,3572
368,1,10,22,5173
369,2,16,38,7155
370,2,19,48,8116
371,3,10,55,10087
372,1,17,30,4948
373,3,6,80,14631
374,1,1,32,7692
375,1,10,33,6571
376,1,2,23,5531
377,3,7,80,14216
378,3,18,74,12979
379,1,11,28,5082
380,2,11,40,6445
381,2,17,54,9214
382,1,13,28,4814
383,3,9,70,12556
384,3,16,65,10320
385,3,17,71,13438
386,3,12,80,14550
387,3,10,59,10052
388,3,11,62,9138
389,3,2,57,13018
390,2,7,55,9784
391,1,12,33,5709
392,3,16,71,14010
393,3,7,74,13554
394,2,12,54,9201
395,1,8,29,5740
396,2,13,44,8454
397,1,12,26,5029
398,2,16,50,9308
399,1,17,31,5461
400,3,1,77,15449
401,3,8,77,17006
402,3,11,80,11523
403,3,17,67,11671
404,2,8,47,6718
405,2,6,55,9858
406,3,14,75,12306
407,1,19,31,4404
408,3,4,53,9531
409,3,12,56,9969
410,2,6,43,8393
411,3,12,71,11780
412,3,14,77,13203
413,3,0,57,11129
414,2,6,38,5784
415,3,1,61,9540
416,1,5,29,5396
417,3,18,60,10115
418,2,12,46,10335
419,3,16,76,14881
420,3,3,80,16367
421,3,5,64,10139
422,3,18,76,14842
423,2,1,57,9865
424,3,4,55,9612
425,2,4,40,7368
426,2,17,40,6953
427,2,0,45,8936
428,1,6,28,4656
429,2,14,57,10549
430,2,17,59,8619
431,2,19,48,9062
432,1,18,29,4470
433,1,11,24,4584
434,1,1,27,5752
435,1,12,26,4365
436,3,15,77,12207
437,1,7,28,6238
438,3,18,72,12167
439,3,19,74,8520
440,3,13,61,12744
441,1,6,25,5799
442,2,3,50,10445
443,1,18,24,3470
444,1,0,31,6177
445,1,9,28,5942
446,2,18,53,6919
447,2,14,54,9246
448,3,4,66,12027
449,1,2,28,6316
450,2,2,41,6514
451,1,0,31,6057
452,1,17,27,4261
453,2,10,39,7156
454,1,7,23,5108
455,2,9,38,5744
456,1,9,24,4823
457,3,7,74,11741
458,3,18,59,9572
459,1,13,30,5468
460,1,4,24,5011
461,3,9,70,9898
462,1,12,30,4907
463,2,11,51,8375
464,3,6,74,10874
465,2,8,54,9578
466,2,4,55,8684
467,3,3,68,10230
468,2,15,48,8375
469,1,6,33,6803
470,2,17,52,9601
471,2,0,38,7468
472,1,10,28,5428
473,2,14,53,8885
474,1,5,26,5821
475,3,3,71,14482
476,1,1,22,4884
477,1,7,32,6547
478,1,18,24,3646
479,3,18,67,11475
480,3,17,66,10056
481,1,15,27,3835
482,2,0,37,7530
483,2,17,44,7268
484,2,8,45,9351
485,3,14,83,12335
486,2,17,56,9382
487,3,13,58,9744
488,1,1,34,7126
489,3,6,73,11217
490,2,10,50,8003
491,1,7,30,5366
492,1,6,22,4676
493,3,7,62,14021
494,1,11,29,4573
495,2,2,37,7278
496,3,17,79,14581
497,2,10,38,7145
498,3,10,59,11373
499,3,15,64,10639
500,2,2,48,8391
501,2,12,55,7841
502,2,17,53,9370
503,1,19,27,4573
504,3,2,68,10715
505,1,16,29,5143
506,1,0,29,5448
507,1,16,29,4839
508,2,0,49,10226
509,3,18,56,8908
510,1,18,23,4152
511,3,10,66,11443
512,3,0,56,10795
513,1,0,30,6470
514,3,15,63,11430
515,2,4,50,10096
516,2,4,48,8564
517,2,3,51,8790
518,2,10,43,8672
519,2,9,45,8484
520,3,18,75,11522
521,3,5,75,12520
522,1,0,26,6303
523,1,19,26,4491
524,3,17,59,9656
525,1,6,31,5409
526,1,2,33,7203
527,3,3,79,12993
528,2,12,59,9445
529,1,13,28,4805
530,1,17,27,4682
531,1,12,25,4437
532,1,0,26,6389
533,2,15,53,10324
534,1,1,33,7069
535,3,5,61,10174
536,2,13,55,7865
537,3,14,60,9843
538,3,4,66,13054
539,3,1,54,10933
540,3,11,80,15727
541,1,7,32,6337
542,1,14,32,6035
543,3,15,76,16998
544,3,5,71,11809
545,3,17,64,10600
546,3,10,68,13967
547,1,5,22,5178
548,3,12,70,11322
549,1,7,24,4656
550,2,17,45,8753
551,3,12,67,12097
552,2,1,49,8856
553,2,6,56,11344
554,3,15,70,10555
555,3,12,54,9777
556,1,3,29,5832
557,2,9,42,7981
558,1,9,29,5799
559,2,12,43,8256
560,3,6,74,13908
561,1,1,31,6334
562,2,4,36,7369
563,3,13,73,11523
564,1,1,24,5316
565,2,11,53,10650
566,3,1,53,9947
567,2,4,44,9144
568,2,12,44,7871
569,3,4,58,10217
570,3,16,73,9522
571,2,4,46,8447
572,3,7,61,10452
573,2,16,58,10412
574,2,4,53,9823
575,3,16,66,12250
576,2,14,45,8509
577,3,13,57,11127
578,2,18,50,7623
579,2,4,42,8434
580,3,4,80,12364
581,3,8,65,12118
582,3,0,75,11798
583,1,18,31,5636
584,1,13,26,5373
585,1,11,21,4294
586,2,8,52,10379
587,1,0,31,5911
588,2,2,55,10344
589,1,17,27,5157
590,1,16,26,4126
591,2,4,47,9294
592,2,18,41,7148
593,3,9,56,12332
594,1,8,25,5352
595,3,3,71,13776
596,1,18,27,5227
597,1,7,29,5432
598,2,17,41,6640
599,1,4,30,5882
600,1,16,26,4914
601,1,0,28,6018
602,2,14,44,6675
603,2,12,42,7549
604,2,12,47,9993
605,3,9,70,10218
606,3,19,55,9035
607,3,2,81,15558
608,1,6,24,4754
609,3,16,71,13427
610,2,0,44,8799
611,2,8,36,6764
612,1,2,28,6199
613,3,18,61,10379
614,2,18,53,9712
615,3,8,59,10276
616,1,5,25,4631
617,1,10,22,3899
618,2,15,58,9097
619,2,8,57,9863
620,2,10,47,9011
621,2,4,53,9175
622,3,0,62,13319
623,3,2,71,12193
624,3,13,75,13361
625,3,18,61,10636
626,2,13,53,8821
627,2,13,46,8746
628,1,19,32,3811
629,1,10,27,5365
630,1,15,32,5767
631,2,0,39,6254
632,1,10,28,4727
633,2,14,55,10177
634,1,0,32,6921
635,1,0,26,5803
636,3,14,82,11477
637,2,15,43,6304
638,1,9,34,6577
639,1,5,30,5092
640,3,12,83,11748
641,3,10,76,14527
642,3,3,75,13039
643,1,15,32,6119
644,3,2,53,9621
645,2,12,57,10893
646,1,9,28,5626
647,2,10,52,8030
648,3,5,69,14270
649,3,13,75,13540
650,3,13,83,12681
651,3,12,54,10295
652,1,15,30,5821
653,1,0,25,5168
654,1,6,23,5209
655,3,8,57,8916
656,1,19,27,3785
657,2,18,47,10060
658,2,9,46,9352
659,1,9,35,5894
660,3,15,75,14475
661,1,13,25,4807
662,2,7,48,9037
663,2,12,41,7302
664,1,5,32,6183
665,1,6,35,6251
666,2,6,43,7778
667,2,10,55,10135
668,2,3,47,8696
669,2,11,57,9431
670,2,5,55,8463
671,3,18,74,10166
672,2,14,41,8059
673,2,1,49,10649
674,2,12,58,9968
675,2,7,42,7258
676,1,16,25,4344
677,3,16,72,11799
678,3,0,60,12593
679,3,19,63,9989
680,1,6,28,5639
681,2,12,49,10519
682,3,16,75,13899
683,1,0,27,5824
684,3,15,57,10249
685,1,0,28,5964
686,2,11,55,9936
687,3,13,70,10341
688,1,4,27,5637
689,3,19,81,13355
690,3,13,65,10111
691,1,12,23,5113
692,1,2,22,4915
693,3,19,79,12959
694,3,6,72,10489
695,2,18,45,6816
696,2,7,49,8705
697,2,5,48,9278
698,3,4,80,15984
699,1,3,27,6173
700,2,1,37,6961
701,2,15,44,7063
702,3,14,67,10475
703,1,9,32,6928
704,2,8,49,9814
705,1,6,25,4655
706,3,10,60,10649
707,2,19,44,8942
708,1,16,27,4587
709,2,2,48,9194
710,1,10,23,4778
711,1,15,29,5368
712,2,16,44,7138
713,2,19,50,7568
714,2,6,41,6716
715,2,17,43,5894
716,2,6,44,8877
717,3,19,76,15527
718,2,8,50,9082
719,3,4,81,15637
720,3,1,54,10172
721,1,4,25,5405
722,1,19,35,5873
723,2,11,49,9188
724,3,5,72,12766
725,3,1,55,11041
726,3,18,73,12490
727,1,8,29,5368
728,2,19,51,8305
729,2,4,40,8371
730,3,14,68,12853
731,2,18,46,7222
732,3,18,80,14989
733,1,8,29,6195
734,3,18,77,12335
735,3,1,78,15132
736,1,15,32,4821
737,2,19,41,6846
738,3,3,67,11450
739,3,17,74,13130
740,2,4,45,8127
741,2,10,52,10043
742,2,3,56,11280
743,2,3,43,6175
744,1,0,31,6067
745,3,5,74,12429
746,3,6,57,8811
747,1,19,31,4828
748,2,10,46,7748
749,1,17,31,5478
750,3,16,61,12808
751,3,2,59,11225
752,3,14,62,10693
753,2,11,53,10541
754,1,16,27,4861
755,3,10,61,10485
756,1,2,34,6643
757,3,16,83,15497
758,1,14,24,4287
759,2,9,48,9311
760,1,14,28,4895
761,1,17,30,4528
762,1,18,24,4847
763,3,16,83,13341
764,2,13,42,8074
765,3,3,80,15342
766,2,18,45,7094
767,3,6,65,11143
768,1,19,30,4660
769,1,3,28,6075
770,3,4,81,14098
771,3,9,73,10998
772,2,13,57,10419
773,1,2,25,5475
774,2,2,36,6815
775,2,14,49,8582
776,1,14,30,5345
777,2,13,54,8951
778,1,1,28,6127
779,2,15,52,10040
780,2,3,59,9223
781,1,17,30,5023
782,1,19,35,6330
783,3,14,65,12197
784,3,14,82,11675
785,2,15,46,7083
786,1,16,26,4839
787,2,13,46,8009
788,1,5,31,6833
789,1,0,26,5808
790,1,11,24,4067
791,3,15,54,8200
792,3,15,52,10026
793,1,13,26,5288
794,3,18,70,11947
795,2,19,48,8100
796,3,12,71,10605
797,3,13,80,12197
798,2,19,55,8500
799,1,1,29,5087
800,3,2,67,14219
801,3,14,74,11634
802,1,1,31,5770
803,3,2,82,12161
804,3,10,65,13006
805,2,9,42,8621
806,3,7,79,11845
807,3,18,65,8973
808,3,14,59,8193
809,3,11,62,10849
810,1,1,30,6178
811,2,5,48,8660
812,2,1,42,8672
813,3,18,60,12037
814,3,19,55,9334
815,2,18,48,9067
816,1,13,29,5484
817,1,16,33,4710
818,2,17,50,8097
819,1,11,32,6224
820,1,5,29,5801
821,1,6,25,5015
822,3,9,62,12768
823,3,5,79,16936
824,3,7,64,12117
825,1,3,25,5703
826,1,2,27,4813
827,1,1,29,5492
828,1,3,31,6745
829,1,8,26,4705
830,3,11,69,12793
831,2,13,56,8437
832,2,15,51,7559
833,2,11,41,8216
834,2,18,55,10173
835,1,5,24,5337
836,2,7,54,10455
837,1,7,26,5784
838,3,19,77,10931
839,2,10,42,7510
840,1,18,25,4432
841,2,5,54,10413
842,1,17,30,6524
843,3,10,59,11551
844,3,13,51,8351
845,1,11,24,4802
846,1,8,27,6440
847,3,16,51,8366
848,3,15,53,9662
849,3,8,77,11971
850,1,19,25,3277
851,1,1,29,5998
852,2,8,44,8250
853,2,8,51,9742
854,1,3,27,5675
855,1,0,28,6008
856,3,19,76,10907
857,1,1,31,6342
858,1,0,26,4854
859,1,0,29,6270
860,2,10,57,11228
861,3,5,80,14710
862,1,6,34,5714
863,2,10,49,8033
864,2,11,54,8403
865,1,16,27,4939
866,1,4,22,3935
867,3,5,54,8206
868,1,11,24,4455
869,3,15,73,12649
870,2,1,46,9119
871,2,14,36,6021
872,2,7,40,6456
873,2,8,55,8983
874,3,18,75,13244
875,3,3,76,16044
876,2,6,54,8806
877,1,2,23,4572
878,3,11,73,14018
879,2,11,46,7641
880,2,19,53,7089
881,2,12,41,6409
882,2,15,47,7518
883,2,10,51,10103
884,3,12,67,12816
885,3,0,81,15243
886,1,1,23,4698
887,3,1,83,16220
888,1,3,27,4654
889,3,1,52,9423
890,3,9,80,13284
891,3,9,71,13036
892,1,18,30,5074
893,3,16,80,14137
894,1,16,25,3922
895,2,12,44,7162
896,2,0,43,7853
897,2,11,48,8145
898,1,3,23,5170
899,2,14,49,9030
900,2,3,49,9396
901,2,14,41,7923
902,2,2,44,8824
903,1,9,26,5715
904,3,14,57,9743
905,1,15,26,4159
906,3,14,81,9629
907,1,13,29,5344
908,1,13,22,4223
909,3,9,77,11994
910,2,13,50,7103
911,3,8,66,11743
912,3,5,57,11765
913,1,6,32,6041
914,1,5,24,5608
915,3,2,80,13505
916,2,12,56,7824
917,1,3,24,4932
918,1,12,29,5577
919,2,13,41,8101
920,1,14,33,5372
921,3,0,63,11233
922,2,15,57,11692
923,2,9,41,6450
924,2,8,59,11367
925,2,17,54,10205
926,1,9,30,6090
927,1,13,31,5557
928,3,3,55,10675
929,1,8,24,4810
930,3,6,61,12005
931,1,17,31,6131
932,2,13,41,7980
933,1,15,29,5572
934,1,0,34,6137
935,3,2,60,11240
936,2,4,56,7315
937,2,18,51,9305
938,3,8,58,9879
939,1,11,25,5201
940,1,4,23,4214
941,1,14,25,5318
942,1,13,30,5216
943,3,1,62,10996
944,1,1,30,7183
945,2,10,43,7472
946,1,11,27,4718
947,1,1,27,5110
948,3,13,67,12708
949,2,9,42,6807
950,3,19,77,13944
951,2,6,40,7256
952,2,8,58,9935
953,1,17,23,4303
954,3,9,64,11688
955,3,10,71,11787
956,3,19,68,11877
957,3,13,67,10938
958,2,8,55,10394
959,2,2,36,6846
960,1,0,30,6661
961,3,2,71,13626
962,2,14,44,8179
963,2,14,38,7102
964,2,2,44,8065
965,2,4,45,8562
966,3,7,60,11235
967,3,2,77,13157
968,2,2,39,8100
969,2,5,49,8836
970,3,1,79,13649
971,2,16,49,10094
972,1,8,26,4863
973,2,19,50,8319
974,3,16,54,10353
975,2,19,52,7434
976,3,3,80,17614
977,1,8,27,5175
978,2,15,47,7052
979,3,19,67,12997
980,1,17,29,4481
981,2,3,53,10852
982,3,18,56,10464
983,2,16,42,5380
984,1,12,30,5043
985,1,7,22,4642
986,3,4,80,15081
987,3,5,57,11193
988,3,11,60,11022
989,3,8,55,8328
990,2,12,58,10065
991,3,4,81,13155
992,2,8,42,7680
993,3,12,67,12162
994,2,15,51,8579
995,2,6,59,10782
996,3,6,76,13302
997,2,19,55,10042
998,3,0,61,11768
999,3,8,59,11094
1000,2,2,44,9313
1001,2,16,38,7009
1002,1,14,27,5170
1003,1,1,29,5533
1004,1,7,31,6508
1005,1,8,32,5997
1006,2,10,58,9750
1007,3,3,55,8030
1008,2,16,36,5132
1009,3,16,61,11152
1010,2,14,48,8811
1011,1,7,23,5111
1012,2,5,52,9807
1013,1,10,29,5654
1014,3,3,73,13831
1015,3,16,57,9811
1016,2,2,38,8290
1017,3,16,69,11713
1018,2,15,52,8177
1019,3,1,80,14058
1020,2,14,39,7029
1021,2,10,54,10809
1022,2,4,48,9417
1023,1,18,30,5253
1024,1,18,26,4178
1025,1,1,29,6018
1026,3,18,79,15637
1027,3,7,60,9758
1028,2,6,42,8166
1029,1,19,30,4842
1030,1,17,31,5585
1031,1,19,29,4190
1032,1,12,30,4642
1033,1,9,29,4519
1034,1,18,31,4890
1035,1,14,30,4606
1036,2,10,55,10305
1037,2,16,55,11157
1038,2,16,44,6085
1039,3,1,57,11540
1040,1,0,23,4870
1041,2,17,56,8940
1042,2,10,41,6404
1043,2,0,51,9879
1044,3,18,71,8911
1045,2,4,44,8494
1046,2,7,54,12635
1047,3,8,81,12587
1048,2,3,55,8937
1049,2,4,50,10143
1050,3,14,56,9807
1051,3,12,61,11849
1052,2,11,39,6758
1053,3,0,51,9232
1054,3,18,65,10809
1055,2,10,37,6115
1056,2,4,50,9907
1057,2,18,53,8707
1058,3,10,64,10928
1059,1,5,23,4622
1060,1,16,33,4617
1061,3,12,79,16097
1062,3,15,79,12687
1063,1,3,28,5599
1064,1,19,28,4428
1065,1,11,26,4739
1066,3,8,61,11230
1067,1,3,26,5735
1068,3,4,67,14025
1069,2,12,42,7292
1070,1,14,30,5634
1071,3,10,56,10830
1072,1,12,32,5844
1073,3,19,65,9919
1074,3,16,72,10667
1075,1,7,23,5018
1076,3,3,68,10438
1077,3,14,76,13776
1078,2,11,40,7344
1079,1,19,29,4712
1080,1,17,24,4118
1081,3,13,61,10599
1082,3,16,59,8654
1083,1,16,33,5644
1084,2,1,52,11031
1085,2,10,50,7367
1086,2,8,44,8521
1087,2,16,47,8179
1088,1,15,32,5706
1089,3,14,58,9151
1090,2,10,36,6498
1091,3,18,57,8716
1092,3,7,69,12365
1093,1,11,27,5953
1094,2,5,48,9281
1095,2,5,48,8975
1096,3,7,75,13423
1097,1,1,31,6896
1098,2,11,58,11842
1099,1,2,28,5807
1100,2,18,39,6473
1101,1,0,30,5983
1102,3,3,57,10616
1103,1,9,31,6162
1104,3,10,74,11989
1105,2,6,54,10096
1106,3,11,65,9505
1107,1,8,28,5519
1108,3,9,61,11334
1109,2,8,57,9231
1110,2,9,40,5942
1111,3,3,56,11629
1112,3,18,54,6338
1113,1,14,28,4535
1114,1,8,29,6244
1115,2,2,48,8187
1116,3,9,67,11864
1117,2,15,43,6342
1118,3,10,75,12942
1119,1,6,29,5129
1120,1,19,24,3891
1121,2,13,56,11192
1122,2,10,40,7850
1123,1,16,30,5517
1124,2,5,51,9526
1125,1,14,32,5537
1126,1,11,21,4171
1127,2,19,59,9666
1128,2,2,51,8439
1129,1,17,28,5563
1130,2,2,46,8142
1131,1,6,23,4796
1132,2,17,51,9561
1133,3,0,54,11251
1134,3,17,75,13835
1135,2,12,47,7012
1136,1,7,29,5189
1137,2,10,45,7939
1138,3,2,59,9863
1139,2,16,42,5489
1140,1,15,30,4536
1141,3,19,79,13805
1142,3,15,79,12231
1143,2,4,44,8680
1144,3,6,52,11491
1145,1,1,23,4806
1146,3,17,71,11883
1147,3,15,75,11647
1148,2,5,42,8205
1149,3,16,68,11915
1150,1,12,31,5966
1151,3,14,65,9342
1152,3,9,83,13287
1153,1,2,24,5146
1154,1,19,33,4733
1155,1,7,26,4967
1156,2,1,53,9446
1157,1,18,25,4866
1158,2,12,54,8712
1159,2,13,41,7618
1160,1,7,24,4150
1161,1,17,30,5703
1162,1,0,27,5584
1163,3,13,67,11358
1164,1,11,33,6332
1165,3,7,58,8468
1166,2,6,38,6574
1167,1,1,33,6008
1168,2,6,41,8140
1169,1,5,27,5238
1170,3,5,64,12133
1171,2,14,44,7144
1172,2,6,41,9362
1173,2,17,37,6444
1174,3,3,82,15913
1175,3,13,55,8555
1176,3,1,81,13814
1177,2,9,44,8224
1178,3,18,72,10238
1179,2,4,38,6930
1180,2,13,40,7757
1181,1,0,30,6438
1182,3,6,66,11737
1183,3,10,51,7879
1184,2,13,38,6555
1185,2,2,51,9631
1186,3,14,61,10330
1187,2,7,49,8720
1188,2,1,52,11337
1189,3,19,51,7143
1190,2,16,49,9225
1191,3,10,73,13952
1192,1,18,34,5152
1193,1,0,26,5010
1194,3,11,82,12703
1195,3,16,80,11309
1196,1,3,28,5829
1197,1,13,26,5157
1198,1,7,25,4315
1199,1,11,21,4172
1200,3,2,61,9707
1201,1,0,28,5711
1202,1,13,30,5141
1203,3,19,54,7956
1204,1,2,21,4026
1205,2,8,50,10173
1206,1,8,27,5546
1207,3,15,67,11279
1208,3,10,73,10954
1209,2,12,47,8126
1210,2,19,54,8334
1211,1,4,30,5748
1212,1,1,31,5735
1213,2,4,45,9003
1214,3,10,68,11689
1215,3,7,60,10311
1216,3,18,58,9089
1217,1,2,28,6149
1218,1,1,30,6842
1219,1,0,29,6114
1220,2,12,52,9636
1221,2,18,47,8526
1222,3,12,72,13594
1223,3,14,66,12484
1224,2,5,52,10049
1225,2,13,43,7090
1226,3,0,80,13709
1227,3,3,63,10834
1228,2,18,50,7622
1229,3,18,72,12105
1230,1,6,22,4756
1231,2,10,46,7884
1232,3,16,59,9730
1233,2,15,37,6214
1234,1,0,30,6297
1235,3,10,67,12741
1236,2,6,45,8701
1237,1,15,35,6668
1238,2,1,48,9722
1239,1,19,33,5063
1240,3,1,52,9351
1241,3,6,67,11639
1242,3,1,57,12149
1243,2,1,38,9315
1244,3,14,53,10497
1245,3,0,57,11110
1246,2,0,52,10270
1247,2,17,46,9532
1248,2,11,55,8579
1249,3,14,74,10267
1250,3,2,52,10180
1251,3,17,71,13709
1252,1,12,23,3638
1253,2,9,47,7882
1254,1,7,27,5519
1255,2,5,47,7283
1256,1,10,25,3785
1257,1,19,32,5395
1258,1,13,23,4491
1259,3,11,70,13158
1260,3,16,76,13489
1261,1,6,33,6730
1262,3,16,59,8118
1263,2,4,48,7564
1264,3,18,75,14192
1265,1,7,29,5642
1266,2,19,55,9308
1267,2,18,53,8762
1268,2,9,43,8607
1269,1,10,31,7057
1270,2,15,52,8445
1271,2,16,49,10077
1272,3,14,58,10198
1273,1,8,28,6415
1274,1,3,32,5747
1275,1,14,29,5503
1276,2,7,42,7432
1277,1,13,22,4921
1278,1,5,24,4354
1279,2,18,43,8276
1280,3,1,59,11887
1281,1,3,27,6725
1282,2,12,40,6822
1283,1,9,32,6366
1284,3,8,75,14588
1285,3,3,80,13696
1286,2,8,49,9863
1287,1,16,30,5038
1288,1,3,33,7761
1289,2,6,51,9674
1290,1,10,34,5981
1291,3,7,78,14630
1292,3,17,65,12332
1293,1,5,33,7053
1294,1,17,33,5499
1295,1,10,25,5264
1296,3,8,51,11193
1297,2,16,38,6324
1298,2,11,39,6835
1299,3,14,63,10253
1300,1,3,26,6383
1301,2,19,56,7285
1302,1,10,28,5423
1303,1,10,32,6786
1304,1,8,26,5297
1305,1,1,29,6435
1306,3,2,80,16630
1307,3,15,54,8915
1308,3,5,76,13628
1309,1,0,33,7314
1310,2,6,58,11628
1311,3,10,80,12157
1312,2,15,53,10763
1313,3,0,78,15306
1314,2,15,41,8243
1315,3,17,66,9866
1316,2,9,55,10838
1317,3,14,58,9612
1318,2,15,39,7808
1319,3,2,59,11544
1320,2,10,59,10667
1321,3,7,63,10447
1322,2,16,40,7749
1323,2,13,54,9198
1324,1,8,30,5172
1325,1,3,23,5305
1326,3,7,58,10715
1327,2,14,42,8411
1328,2,19,58,9741
1329,2,10,55,8667
1330,3,6,68,14908
1331,3,14,61,11116
1332,2,16,39,6633
1333,1,4,23,4847
1334,1,19,32,4900
1335,2,9,56,9731
1336,3,11,54,8461
1337,2,19,43,8387
1338,3,0,67,14265
1339,2,19,44,5705
1340,2,10,43,7971
1341,3,12,70,13123
1342,3,7,81,16323
1343,2,14,51,7483
1344,2,16,52,7234
1345,3,15,52,8111
1346,2,14,40,6239
1347,3,9,55,10419
1348,3,16,79,13286
1349,2,5,48,7858
1350,2,13,47,7188
1351,1,12,28,5680
1352,3,2,61,10577
1353,3,0,70,13096
1354,1,9,35,6972
1355,1,6,31,5054
1356,1,7,25,5125
1357,3,9,55,11224
1358,2,15,54,10030
1359,2,5,47,10772
1360,2,11,52,7937
1361,3,1,70,15193
1362,3,15,57,9780
1363,3,15,79,14429
1364,3,2,83,14059
1365,2,5,46,9143
1366,2,7,38,7077
1367,1,17,29,5074
1368,3,16,79,12664
1369,3,0,75,14841
1370,2,0,41,7807
1371,1,19,35,4831
1372,2,9,43,7725
1373,2,10,45,7379
1374,3,16,78,13061
1375,2,15,38,6295
1376,1,17,28,5399
1377,3,1,81,14891
1378,1,3,26,5672
1379,3,16,81,12219
1380,1,19,30,6355
1381,2,8,38,6392
1382,1,19,25,4303
1383,3,5,56,9117
1384,2,2,46,10359
1385,2,12,46,7916
1386,1,11,23,4673
1387,1,11,21,4003
1388,2,19,50,8421
1389,3,13,59,11163
1390,3,7,72,12906
1391,1,2,26,5159
1392,3,17,65,10346
1393,1,5,26,4917
1394,1,10,22,4639
1395,1,0,27,6491
1396,2,13,49,9371
1397,1,2,25,4542
1398,2,2,49,8785
1399,2,19,44,6309
1400,1,0,26,5311
1401,1,12,30,5752
1402,2,17,42,6976
1403,1,17,34,5731
1404,2,6,44,7902
1405,3,7,63,11889
1406,3,3,54,11985
1407,2,10,48,8653
1408,2,5,52,9476
1409,1,15,32,6251
1410,2,10,52,9942
1411,2,10,36,7115
1412,2,3,52,9656
1413,1,8,32,6041
1414,1,11,25,4372
1415,2,19,52,9042
1416,2,8,51,10527
1417,1,17,30,5432
1418,2,3,48,7656
1419,2,2,43,7916
1420,3,9,60,10343
1421,2,5,52,8988
1422,3,4,59,10243
1423,2,12,57,10102
1424,1,6,28,4988
1425,1,0,30,5525
1426,1,17,27,4582
1427,2,14,57,9957
1428,1,6,29,5411
1429,2,0,36,6094
1430,2,19,39,5007
1431,3,5,56,10079
1432,3,16,83,14391
1433,3,18,73,12114
1434,3,9,82,13280
1435,2,4,54,10026
1436,2,3,48,9755
1437,3,7,67,11018
1438,3,17,70,11519
1439,1,9,33,7137
1440,3,4,77,13873
1441,3,19,63,11473
1442,1,11,30,6813
1443,1,6,24,5268
1444,1,4,26,4950
1445,3,15,75,13437
1446,3,19,55,9994
1447,2,13,44,7727
1448,2,11,47,7567
1449,2,10,59,11009
1450,3,18,72,10750
1451,1,11,31,5592
1452,1,5,25,4791
1453,2,10,48,8739
1454,1,10,25,5033
1455,2,2,44,10348
1456,2,1,49,8994
1457,3,10,64,13517
1458,2,10,43,7468
1459,3,11,63,9335
1460,1,19,26,4846
1461,1,11,34,6378
1462,1,10,24,5361
1463,2,8,50,8877
1464,1,3,33,7465
1465,2,16,45,7254
1466,2,9,46,8496
1467,3,19,66,10934
1468,2,0,49,8917
1469,3,14,62,8979
1470,2,0,51,11021
1471,2,1,43,8558
1472,3,2,72,12919
1473,2,2,56,12136
1474,1,12,29,4948
1475,1,2,27,5696
1476,2,14,55,8956
1477,1,12,29,6025
1478,3,17,56,8258
1479,3,19,72,9451
1480,3,11,65,10477
1481,3,16,56,9866
1482,1,18,31,5589
1483,3,11,57,12251
1484,2,16,38,6649
1485,2,8,42,8347
1486,1,13,25,4505
1487,1,4,30,5749
1488,3,18,59,11856
1489,3,8,62,10411
1490,1,16,28,4807
1491,2,0,53,9738
1492,1,14,29,5230
1493,1,2,29,5760
1494,1,11,29,4976
1495,2,17,43,8383
1496,3,10,58,12345
1497,3,5,60,10222
1498,1,16,27,4572
1499,2,10,44,8904
1500,3,13,73,14753
1501,3,4,76,12751
1502,1,4,32,6504
1503,3,18,71,12805
1504,3,6,74,14463
1505,3,15,57,7469
1506,3,15,79,14440
1507,2,12,50,8620
1508,2,12,49,9190
1509,3,11,75,12830
1510,3,8,60,12041
1511,1,5,31,5507
1512,2,14,36,6312
1513,2,10,51,9312
1514,1,3,29,6391
1515,3,9,53,9696
1516,1,3,21,4707
1517,3,1,61,10162
1518,1,16,26,4578
1519,3,2,77,12537
1520,2,14,51,8308
1521,2,9,41,8406
1522,3,0,79,16810
1523,2,6,46,9772
1524,1,0,29,6129
1525,3,6,54,10168
1526,3,6,75,13321
1527,2,11,54,10348
1528,2,9,39,6825
1529,2,4,57,10332
1530,1,1,21,4406
1531,1,5,21,4763
1532,1,17,27,4480
1533,3,10,80,14974
1534,3,4,61,11257
1535,3,5,65,11224
1536,3,11,71,13885
1537,2,16,46,8515
1538,3,6,62,11286
1539,3,18,76,12296
1540,3,7,54,10634
1541,2,17,57,9843
1542,2,7,53,8302
1543,1,15,32,6582
1544,2,11,36,6260
1545,3,8,73,11871
1546,2,5,48,8357
1547,1,2,31,6743
1548,2,1,58,11297
1549,3,18,66,9724
1550,2,14,54,10342
1551,1,4,25,5649
1552,3,7,69,13030
1553,1,9,27,5518
1554,2,10,57,8889
1555,2,0,53,10513
1556,3,1,57,11427
1557,3,3,52,11526
1558,2,7,49,7613
1559,1,19,26,4775
1560,2,4,50,8452
1561,3,4,58,11500
1562,3,19,54,9766
1563,2,2,47,10053
1564,2,19,42,7319
1565,2,5,48,10590
1566,3,13,65,9555
1567,2,8,49,8206
1568,2,0,54,9675
1569,2,14,37,6193
1570,3,8,65,11352
1571,1,1,25,4793
1572,1,8,27,5123
1573,2,6,50,10157
1574,2,13,50,8912
1575,1,2,35,6817
1576,1,9,34,6497
1577,3,13,57,11469
1578,2,5,46,8643
1579,2,7,41,8446
1580,2,8,48,10102
1581,3,19,60,8251
1582,3,17,71,12311
1583,2,4,54,8799
1584,1,12,26,4534
1585,2,6,52,9634
1586,3,2,54,10309
1587,3,11,74,11033
1588,2,16,57,9882
1589,1,18,28,4594
1590,2,12,53,10232
1591,3,17,77,13765
1592,3,10,78,14821
1593,3,11,73,12976
1594,2,0,46,8963
1595,2,3,55,11096
1596,2,12,49,9005
1597,2,17,46,6751
1598,1,16,27,4036
1599,3,17,60,10631
1600,2,8,54,10335
1601,1,4,32,6280
1602,3,12,64,10003
1603,3,3,83,17398
1604,3,2,81,15674
1605,2,12,43,7274
1606,2,16,37,6330
1607,2,0,52,10844
1608,3,17,73,9874
1609,1,16,23,4411
1610,1,17,32,4440
1611,1,14,34,6645
1612,1,17,29,5130
1613,1,2,31,6873
1614,3,5,76,12834
1615,1,12,26,5201
1616,1,4,33,7512
1617,1,19,30,4666
1618,1,19,25,4566
1619,1,18,23,3962
1620,2,16,50,8993
1621,3,2,64,13784
1622,3,4,69,13113
1623,3,8,64,11350
1624,3,16,51,8450
1625,1,18,21,3281
1626,2,5,44,7675
1627,2,12,50,9165
1628,2,17,44,8150
1629,1,13,30,5642
1630,3,10,56,9536
1631,3,2,74,13168
1632,1,19,28,5371
1633,1,16,24,3996
1634,2,16,46,6456
1635,3,3,54,9630
1636,1,16,33,5267
1637,1,15,31,6265
1638,2,3,54,11977
1639,2,0,42,8204
1640,1,6,30,6487
1641,1,14,30,5573
1642,3,9,62,9634
1643,1,0,26,5268
1644,1,4,33,7381
1645,3,0,76,14483
1646,2,2,41,7396
1647,1,4,34,7041
1648,3,12,72,12849
1649,2,6,45,8590
1650,1,6,26,5750
1651,1,3,23,4417
1652,3,2,75,13076
1653,3,13,62,12540
1654,2,19,46,7845
1655,1,4,23,5639
1656,3,6,71,11370
1657,1,0,28,6011
1658,3,14,81,14048
1659,2,13,54,10698
1660,2,0,48,9608
1661,3,13,66,10710
1662,1,8,26,4431
1663,2,14,53,7972
1664,2,1,49,9458
1665,2,6,42,7702
1666,1,0,33,6817
1667,2,15,52,9843
1668,2,6,36,6735
1669,1,5,26,5570
1670,3,17,72,12674
1671,1,1,30,6453
1672,1,18,29,4199
1673,2,12,44,7545
1674,2,5,54,9214
1675,2,9,52,8324
1676,3,16,77,11423
1677,3,16,79,14124
1678,1,13,29,5467
1679,3,16,80,15617
1680,3,3,70,11297
1681,1,1,26,5548
1682,1,4,23,5076
1683,1,8,29,6002
1684,3,19,63,10768
1685,3,3,56,12287
1686,2,3,49,10083
1687,2,8,46,8174
1688,3,6,75,16134
1689,2,13,53,8950
1690,2,5,55,8082
1691,3,8,71,11772
1692,2,19,42,6846
1693,2,14,49,7436
1694,2,4,47,9909
1695,2,10,54,9229
1696,3,4,64,11532
1697,2,1,37,7715
1698,3,2,66,12351
1699,1,9,29,6070
1700,3,3,56,9479
1701,1,7,25,5668
1702,1,11,26,5060
1703,2,2,46,9542
1704,2,10,48,8790
1705,3,8,72,11125
1706,3,15,79,14347
1707,1,14,30,5202
1708,3,13,68,11782
1709,3,11,79,13413
1710,3,2,51,9678
1711,3,16,83,12176
1712,2,8,43,6556
1713,3,0,61,11464
1714,3,16,70,13151
1715,3,8,65,9698
1716,3,1,76,13621
1717,2,0,49,9360
1718,3,11,54,8281
1719,3,17,60,10416
1720,2,5,47,9283
1721,1,5,35,7068
1722,2,19,57,9779
1723,1,18,32,5411
1724,3,4,68,12173
1725,1,11,29,5818
1726,1,17,31,5853
1727,1,13,35,5801
1728,1,5,25,5904
1729,3,2,77,15113
1730,3,2,58,10146
1731,2,8,52,9588
1732,3,18,54,8633
1733,1,7,32,6361
1734,3,14,64,9844
1735,1,11,24,5035
1736,2,9,40,8750
1737,3,5,62,11737
1738,3,15,56,9205
1739,1,7,28,5128
1740,3,16,69,10107
1741,1,6,29,5277
1742,3,19,67,11640
1743,3,5,51,9011
1744,3,9,76,11065
1745,2,9,51,9088
1746,2,4,50,8834
1747,1,0,32,6701
1748,1,0,30,6396
1749,1,17,29,4253
1750,3,17,72,12978
1751,1,9,21,4474
1752,2,17,40,8227
1753,2,14,38,6346
1754,3,16,63,11581
1755,3,4,73,12049
1756,3,7,64,11476
1757,1,13,25,5283
1758,2,6,49,6567
1759,1,11,30,5957
1760,2,4,47,9134
1761,1,13,28,4399
1762,2,11,52,8699
1763,3,17,52,9477
1764,1,12,34,6109
1765,1,2,27,5280
1766,2,15,42,7566
1767,1,9,26,5168
1768,2,11,55,8075
1769,2,13,45,7655
1770,1,15,27,5418
1771,3,3,57,10363
1772,1,1,29,6148
1773,2,18,49,8489
1774,2,5,50,8777
1775,1,8,23,4094
1776,1,11,25,4931
1777,3,15,79,12910
1778,3,6,68,12861
1779,1,11,32,6329
1780,3,3,63,10984
1781,1,10,26,5258
1782,3,17,68,11714
1783,2,10,45,8155
1784,2,17,44,7057
1785,1,19,24,3667
1786,2,1,40,7086
1787,3,12,54,8457
1788,3,16,69,12305
1789,1,14,24,4478
1790,1,7,27,4852
1791,2,18,41,6364
1792,3,12,82,17441
1793,1,11,32,6480
1794,2,2,46,9252
1795,3,1,73,13340
1796,3,8,76,14149
1797,3,5,62,12153
1798,1,0,29,6752
1799,2,14,43,7599
1800,2,6,43,7186
1801,3,5,65,13022
1802,3,18,51,7257
1803,3,2,73,11763
1804,3,10,56,9840
1805,2,19,59,11488
1806,1,1,29,6060
1807,3,2,64,12308
1808,3,7,63,10517
1809,2,14,40,6454
1810,2,5,44,6796
1811,2,1,43,8766
1812,3,0,55,9362
1813,3,8,81,15956
1814,3,6,72,11625
1815,2,19,41,7902
1816,1,2,30,5835
1817,1,7,32,7649
1818,1,6,32,5841
1819,1,16,28,5295
1820,3,8,68,12371
1821,2,3,40,7713
1822,2,9,54,9563
1823,2,13,45,6197
1824,2,14,55,7204
1825,1,2,28,5790
1826,1,19,31,4958
1827,1,7,23,4303
1828,1,5,31,5591
1829,2,15,57,9553
1830,1,19,28,4918
1831,3,11,78,13180
1832,1,5,29,6146
1833,3,5,77,13326
1834,3,1,82,15796
1835,1,10,34,5714
1836,3,2,75,14073
1837,2,1,54,10815
1838,1,11,26,5025
1839,2,12,46,8660
1840,2,19,56,9323
1841,3,15,67,11261
1842,2,9,48,8214
1843,1,3,24,4510
1844,3,9,77,13563
1845,3,18,79,16126
1846,1,1,29,5292
1847,1,5,24,5208
1848,2,9,47,7950
1849,1,13,30,5359
1850,2,17,47,7784
1851,1,12,27,4757
1852,2,8,51,9325
1853,3,16,73,13184
1854,2,5,44,8214
1855,3,15,73,12058
1856,2,19,58,9360
1857,2,3,48,10049
1858,2,14,45,7832
1859,2,16,39,6594
1860,3,6,69,13221
1861,1,8,27,5715
1862,3,12,76,12470
1863,1,19,30,5533
1864,1,6,33,5935
1865,3,10,66,10254
1866,3,13,68,11611
1867,1,1,24,5736
1868,3,17,70,12044
1869,2,12,56,10049
1870,3,7,58,10660
1871,2,13,53,8103
1872,2,16,54,6864
1873,3,12,70,10933
1874,3,0,68,14373
1875,3,3,80,15620
1876,2,3,56,9898
1877,1,5,33,6097
1878,1,3,30,6305
1879,1,9,28,5788
1880,3,9,78,11983
1881,2,9,43,6398
1882,2,8,47,7641
1883,3,17,78,14054
1884,2,13,37,5880
1885,3,17,65,11200
1886,2,4,52,9217
1887,1,15,28,5263
1888,3,19,76,15266
1889,1,6,31,6739
1890,3,4,63,10142
1891,1,2,21,4517
1892,1,13,29,5627
1893,3,18,70,13553
1894,3,7,51,10385
1895,2,19,51,8094
1896,2,13,56,12182
1897,1,10,29,5190
1898,2,6,41,8555
1899,3,16,71,11086
1900,2,14,56,8945
1901,3,16,68,11799
1902,3,13,66,12224
1903,1,8,32,6266
1904,2,15,43,7544
1905,2,6,38,7074
1906,3,2,75,13417
1907,2,6,53,9162
1908,1,7,30,5891
1909,3,19,79,13735
1910,3,14,66,10272
1911,2,3,51,9929
1912,2,14,53,9281
1913,3,3,67,10960
1914,1,16,28,6113
1915,3,10,83,14757
1916,1,1,24,5221
1917,1,3,30,5761
1918,2,2,45,7254
1919,2,18,54,8872
1920,3,14,79,12703
1921,3,7,75,13777
1922,1,9,26,3401
1923,1,6,22,3732
1924,2,18,53,8697
1925,1,18,28,5844
1926,3,8,66,10817
1927,3,8,62,9861
1928,2,12,46,7379
1929,2,9,39,6957
1930,3,10,54,10040
1931,3,16,65,9063
1932,2,16,43,6916
1933,1,17,34,6486
1934,1,8,35,6957
1935,3,16,63,10846
1936,2,17,46,7706
1937,1,12,26,5272
1938,2,6,40,7891
1939,3,18,56,7966
1940,3,9,76,13966
1941,1,18,26,4145
1942,1,6,25,5180
1943,3,13,82,14015
1944,2,13,46,7883
1945,2,13,50,7723
1946,3,8,80,14474
1947,2,7,56,10498
1948,2,19,40,6563
1949,3,6,59,10980
1950,2,7,42,8294
1951,3,16,54,9116
1952,1,14,32,5584
1953,3,19,78,14033
1954,2,12,52,8720
1955,2,10,52,10070
1956,2,17,45,8345
1957,2,19,53,10002
1958,1,18,23,3727
1959,1,1,22,5746
1960,3,19,69,11628
1961,3,4,69,11861
1962,3,11,69,10149
1963,1,6,23,5183
1964,2,16,54,7333
1965,2,4,48,8206
1966,3,1,76,12219
1967,1,8,24,4395
1968,3,14,68,13540
1969,1,2,24,4772
1970,2,12,38,6478
1971,2,3,49,10441
1972,3,16,66,11861
1973,2,9,44,9332
1974,3,9,79,12521
1975,3,19,59,8487
1976,2,10,43,5863
1977,3,14,67,11335
1978,2,12,54,10013
1979,2,2,53,9349
1980,3,12,55,10736
1981,3,17,52,7817
1982,3,14,77,12490
1983,3,14,74,12429
1984,1,6,25,5385
1985,3,6,57,9728
1986,2,17,43,7675
1987,3,6,73,12980
1988,2,15,41,6908
1989,3,6,56,10453
1990,1,4,29,6144
1991,1,1,26,5305
1992,1,1,25,6106
1993,1,10,32,6090
1994,3,10,79,14077
1995,1,16,32,6741
1996,3,13,61,10103
1997,3,13,76,11728
1998,3,14,80,8532
1999,1,6,32,6155
2000,1,14,29,5470
2001,3,2,71,16941
2002,1,5,32,6307
2003,1,5,27,5653
2004,3,15,55,9395
2005,3,8,67,12916
2006,3,8,62,11182
2007,3,11,67,11408
2008,3,11,64,9714
2009,1,19,29,4838
2010,2,16,42,8426
2011,2,3,54,11281
2012,3,1,82,16068
2013,3,3,59,12135
2014,2,6,55,10494
2015,2,1,53,10184
2016,1,3,27,6511
2017,2,0,53,10865
2018,2,17,38,6178
2019,2,19,43,7259
2020,2,9,43,7209
2021,1,9,33,6041
2022,1,1,25,6000
2023,3,0,65,13011
2024,3,10,53,8639
2025,2,0,52,10580
2026,3,6,77,12851
2027,1,7,31,5452
2028,3,7,70,11154
2029,2,12,52,7874
2030,1,13,31,5683
2031,1,4,25,5081
2032,1,5,25,6172
2033,1,4,23,4815
2034,1,10,27,5584
2035,1,2,30,5951
2036,3,15,58,9766
2037,3,9,77,13290
2038,2,14,38,6558
2039,2,3,43,7867
2040,3,19,59,10795
2041,1,11,29,5508
2042,3,16,57,7139
2043,3,18,51,7779
2044,2,7,47,7445
2045,2,16,43,7308
2046,3,6,59,11289
2047,1,6,29,7038
2048,3,5,73,11549
2049,1,1,26,5375
2050,1,17,32,5201
2051,3,1,62,10515
2052,3,8,71,13744
2053,1,18,25,4090
2054,3,4,54,8495
2055,1,8,33,7105
2056,2,8,43,9334
2057,3,13,59,8945
2058,1,14,28,4442
2059,1,7,24,5026
2060,1,8,23,4480
2061,3,4,64,10152
2062,1,14,29,4823
2063,2,8,49,9151
2064,1,10,30,6330
2065,3,5,69,12141
2066,2,12,47,7235
2067,1,8,28,6069
2068,2,7,57,10876
2069,3,5,73,13514
2070,2,8,48,6773
2071,3,16,55,8446
2072,3,3,51,10583
2073,2,12,54,8867
2074,3,1,83,16178
2075,1,19,22,3695
2076,1,2,32,7414
2077,3,10,65,9980
2078,1,2,29,5447
2079,2,2,38,6564
2080,3,9,58,11704
2081,2,7,51,10263
2082,2,1,48,10101
2083,3,8,63,9987
2084,2,0,39,7683
2085,2,8,40,6854
2086,3,17,71,12086
2087,2,2,57,10360
2088,3,7,78,13394
2089,3,4,74,14228
2090,1,16,28,5395
2091,1,13,34,5995
2092,3,2,73,12127
2093,3,17,73,12333
2094,2,11,49,8584
2095,1,14,29,5664
2096,1,11,32,5919
2097,2,5,47,9295
2098,3,4,71,14001
2099,1,8,25,4423
2100,1,1,24,5571
2101,2,19,47,8100
2102,2,7,46,8619
2103,2,16,50,7788
2104,1,9,28,5266
2105,2,0,40,9136
2106,2,6,55,9361
2107,2,4,38,8409
2108,3,11,66,11433
2109,2,4,50,9436
2110,3,2,60,11887
2111,1,16,21,3181
2112,3,3,63,9247
2113,3,15,75,11987
2114,2,19,50,7280
2115,1,15,27,4931
2116,1,18,24,3440
2117,2,13,41,7154
2118,1,10,28,5689
2119,3,16,79,14516
2120,1,11,26,5472
2121,2,13,56,9588
2122,3,10,72,11500
2123,2,12,38,7129
2124,3,0,68,12672
2125,3,3,80,14241
2126,3,6,82,14282
2127,3,13,51,8027
2128,1,18,32,5197
2129,1,2,33,7623
2130,3,15,73,12359
2131,3,16,56,9846
2132,3,14,73,14152
2133,1,10,30,5600
2134,1,4,33,6896
2135,2,1,47,9094
2136,2,14,38,6057
2137,2,4,42,7570
2138,1,13,29,5727
2139,1,17,33,5704
2140,2,16,59,10495
2141,1,13,30,5414
2142,2,18,52,9851
2143,3,6,82,13606
2144,2,9,54,10999
2145,1,16,31,5470
2146,2,17,46,7091
2147,2,13,41,5549
2148,3,5,67,13528
2149,2,9,52,10686
2150,2,12,52,8683
2151,2,2,54,11062
2152,2,15,56,9910
2153,1,0,26,5742
2154,1,6,28,6014
2155,3,13,69,10037
2156,2,16,57,8462
2157,3,17,57,8938
2158,2,15,43,6216
2159,3,0,54,10126
2160,3,17,53,8361
2161,3,8,80,14253
2162,3,1,54,10692
2163,2,11,50,7167
2164,1,7,25,4494
2165,1,9,25,5390
2166,1,1,26,5526
2167,2,19,57,10240
2168,1,8,32,5584
2169,2,8,42,7463
2170,3,10,70,13201
2171,1,4,34,7229
2172,3,19,53,7561
2173,2,14,53,9412
2174,1,5,25,4744
2175,2,15,44,6715
2176,1,19,30,4294
2177,2,7,50,10012
2178,1,14,28,4282
2179,3,0,66,11134
2180,1,16,25,4706
2181,3,0,79,14748
2182,3,6,83,11890
2183,3,10,61,10435
2184,2,2,52,11485
2185,2,5,39,8015
2186,1,17,30,6073
2187,3,14,83,12566
2188,2,8,41,8263
2189,2,16,49,9469
2190,2,12,49,9953
2191,2,9,45,8806
2192,1,15,29,4636
2193,2,1,52,10520
2194,2,7,40,7464
2195,2,15,57,10008
2196,1,19,27,3540
2197,1,16,31,6058
2198,1,4,25,5291
2199,3,2,53,10336
2200,1,1,27,4891
2201,2,17,49,7906
2202,3,8,83,12710
2203,3,3,72,12694
2204,1,7,23,5044
2205,1,2,21,5676
2206,2,14,43,6774
2207,2,11,52,7063
2208,1,8,30,6765
2209,3,6,72,13549
2210,1,3,34,5404
2211,2,3,43,9055
2212,3,3,60,11011
2213,3,9,54,9647
2214,1,16,35,5338
2215,1,19,29,3980
2216,3,9,52,9049
2217,3,10,53,9286
2218,1,0,31,6565
2219,1,17,23,3216
2220,1,0,27,5876
2221,3,2,68,11512
2222,1,13,28,4643
2223,2,19,54,8814
2224,1,18,29,5224
2225,2,6,39,8158
2226,2,9,53,9274
2227,1,1,23,4567
2228,1,7,26,3890
2229,3,9,59,10326
2230,2,3,41,10150
2231,1,8,32,6624
2232,1,11,28,4368
2233,1,6,21,3643
2234,1,1,30,6944
2235,1,15,28,4334
2236,2,0,47,7249
2237,2,4,52,8817
2238,3,0,52,10274
2239,3,9,75,13595
2240,1,17,24,3960
2241,3,9,72,13079
2242,2,14,41,6581
2243,2,8,43,8347
2244,2,13,50,8114
2245,1,8,32,6204
2246,3,6,57,11067
2247,2,6,46,8808
2248,1,12,26,4631
2249,3,11,58,10571
2250,2,16,55,9012
2251,3,4,75,14093
2252,2,14,46,8271
2253,2,7,48,8034
2254,3,15,70,11409
2255,1,12,27,5041
2256,2,0,44,8906
2257,1,1,24,4818
2258,2,6,50,8159
2259,2,11,41,7415
2260,2,8,53,10675
2261,3,8,81,13195
2262,3,2,53,10733
2263,2,12,53,9286
2264,2,0,46,9588
2265,3,5,76,13249
2266,1,2,33,7607
2267,1,13,28,5252
2268,2,7,44,7431
2269,1,5,24,4120
2270,1,1,30,6366
2271,1,0,26,6151
2272,3,15,54,9454
2273,2,16,44,8041
2274,2,15,59,8018
2275,2,4,42,8297
2276,1,10,33,6016
2277,1,3,22,4586
2278,1,14,34,6983
2279,1,17,33,4628
2280,2,10,43,7958
2281,2,12,58,10268
2282,1,5,28,6303
2283,1,14,25,4681
2284,1,4,31,6038
2285,1,9,34,7279
2286,3,3,59,10341
2287,1,10,33,6383
2288,1,1,32,7485
2289,3,14,80,11468
2290,1,11,30,4897
2291,1,15,22,3538
2292,1,2,28,5891
2293,3,19,51,8650
2294,2,1,40,7332
2295,3,14,54,7195
2296,2,5,56,9543
2297,1,14,33,6183
2298,2,14,40,6460
2299,2,11,40,6942
2300,3,13,74,14684
2301,3,3,61,11855
2302,3,12,62,10054
2303,3,8,61,10821
2304,3,6,55,10183
2305,2,0,36,7586
2306,1,7,27,5701
2307,3,14,69,10758
2308,1,8,33,6124
2309,3,4,82,14979
2310,1,15,30,5936
2311,3,6,62,12777
2312,3,10,67,12243
2313,3,15,65,11099
2314,2,17,41,6466
2315,3,16,72,11922
2316,3,10,55,8863
2317,3,3,80,14540
2318,2,8,49,9184
2319,1,3,26,5230
2320,3,1,70,9333
2321,2,4,54,9836
2322,1,15,32,5042
2323,2,7,49,10502
2324,1,15,32,5402
2325,3,15,66,12450
2326,3,7,56,10850
2327,3,13,54,9196
2328,1,13,33,4863
2329,2,2,59,11009
2330,3,15,77,15680
2331,1,9,32,6322
2332,1,14,32,5486
2333,2,2,45,9362
2334,3,8,54,9876
2335,2,11,48,6708
2336,2,15,54,9407
2337,3,1,79,12688
2338,3,4,58,9722
2339,1,13,30,5016
2340,2,14,56,9785
2341,1,18,23,4105
2342,2,2,44,7985
2343,2,12,53,8775
2344,1,1,26,5866
2345,1,10,24,4899
2346,3,11,77,11128
2347,3,15,70,10680
2348,2,4,52,9562
2349,2,7,47,8164
2350,2,19,54,9244
2351,2,14,48,7634
2352,3,19,61,9917
2353,1,10,23,4232
2354,2,17,38,5665
2355,1,1,31,5447
2356,2,5,55,11438
2357,2,15,56,9374
2358,2,19,49,7320
2359,1,0,31,6470
2360,3,11,61,12097
2361,3,18,75,12422
2362,3,12,75,10214
2363,2,18,56,9442
2364,3,7,56,9813
2365,3,10,73,10707
2366,2,16,38,5242
2367,2,11,49,8883
2368,3,7,59,10317
2369,3,12,65,11293
2370,3,5,57,11119
2371,2,8,51,10556
2372,2,7,44,8263
2373,3,1,73,12952
2374,2,11,46,9274
2375,1,7,26,6033
2376,1,0,28,5096
2377,2,17,52,9415
2378,1,13,35,6308
2379,1,11,30,7080
2380,1,1,35,8037
2381,3,16,62,9283
2382,1,13,34,5370
2383,2,7,43,6734
2384,2,5,56,10645
2385,2,8,46,8385
2386,2,0,51,9845
2387,2,19,40,7702
2388,1,15,29,4337
2389,3,4,78,12243
2390,2,6,44,8255
2391,1,10,28,6280
2392,3,10,69,12107
2393,1,4,28,6361
2394,3,19,73,11288
2395,3,1,52,10006
2396,1,2,25,5595
2397,2,5,40,7434
2398,2,8,44,7886
2399,3,7,55,10046
2400,2,11,53,8185
2401,2,15,38,6459
2402,2,13,57,9982
2403,2,18,55,9104
2404,2,16,44,6465
2405,2,8,59,10805
2406,1,7,25,5474
2407,3,10,75,13967
2408,3,19,58,9993
2409,1,12,21,4096
2410,2,5,40,9476
2411,1,13,33,6522
2412,1,10,30,5169
2413,2,4,41,7766
2414,3,17,78,13808
2415,2,7,53,10956
2416,2,1,56,11072
2417,2,9,47,9814
2418,3,8,53,9522
2419,1,16,25,4271
2420,2,16,44,8415
2421,3,19,57,9412
2422,1,3,24,4567
2423,1,2,23,5064
2424,2,11,59,9010
2425,2,5,44,8828
2426,2,7,37,7547
2427,1,19,35,5294
2428,1,8,26,5274
2429,3,18,65,8860
2430,2,17,44,6796
2431,1,0,22,4563
2432,3,6,66,12047
2433,3,18,77,13502
2434,3,0,55,10205
2435,2,4,57,10472
2436,1,10,27,4985
2437,2,9,47,8292
2438,3,0,54,11259
2439,3,17,74,13134
2440,3,11,57,10671
2441,3,16,69,11823
2442,2,1,47,9817
2443,3,5,54,10897
2444,2,7,44,7284
2445,2,9,48,9171
2446,3,17,68,11341
2447,2,18,49,9186
2448,1,7,27,5843
2449,1,7,24,4082
2450,1,12,26,4502
2451,1,4,23,5678
2452,1,11,25,4711
2453,3,13,52,7613
2454,3,9,62,10470
2455,3,1,76,15489
2456,3,14,67,11069
2457,2,18,55,9197
2458,2,18,44,8378
2459,1,5,26,5282
2460,1,11,27,5266
2461,1,0,26,5289
2462,1,19,35,5634
2463,3,7,58,9968
2464,1,19,34,5141
2465,2,12,40,6673
2466,3,15,54,8388
2467,1,1,25,4797
2468,2,11,53,8958
2469,3,10,65,11717
2470,1,1,31,6278
2471,3,10,65,10520
2472,2,2,41,9584
2473,1,7,34,6266
2474,2,1,47,9238
2475,2,6,42,8145
2476,2,5,58,8887
2477,1,16,31,4541
2478,2,0,54,11226
2479,2,15,52,9007
2480,3,7,76,15073
2481,2,0,51,9868
2482,1,11,28,4933
2483,2,7,37,6337
2484,2,3,57,10029
2485,2,16,45,6644
2486,1,14,30,5429
2487,2,16,50,7210
2488,1,19,31,5762
2489,1,12,29,5517
2490,1,4,30,5518
2491,2,9,48,10021
2492,1,7,32,5647
2493,1,8,24,4620
2494,2,13,49,8344
2495,2,8,53,11399
2496,2,7,47,8618
2497,3,14,64,9708
2498,3,4,79,14178
2499,1,7,30,5204
2500,2,19,55,7986
2501,3,7,78,12084
2502,2,13,47,8564
2503,3,10,67,11486
2504,1,11,28,5047
2505,1,11,28,5833
2506,3,12,60,9243
2507,1,7,26,5543
2508,3,19,70,14386
2509,2,19,47,7836
2510,1,15,31,5437
2511,2,18,51,10364
2512,1,13,26,4315
2513,3,4,72,10427
2514,3,2,74,12409
2515,3,13,75,12324
2516,2,16,44,7838
2517,3,13,57,9714
2518,3,14,65,11129
2519,3,3,64,13225
2520,3,15,56,9600
2521,1,4,26,5799
2522,3,13,58,8382
2523,1,18,25,4637
2524,3,16,69,11355
2525,3,10,71,10217
2526,1,3,32,6769
2527,1,14,25,4394
2528,2,1,49,10324
2529,2,18,50,10168
2530,3,10,75,11805
2531,3,10,59,8019
2532,3,2,83,16054
2533,1,15,24,3358
2534,2,19,45,8293
2535,3,14,60,11804
2536,2,4,50,8705
2537,2,8,38,5854
2538,1,11,30,5417
2539,1,14,28,4407
2540,2,5,37,7257
2541,3,2,67,13652
2542,1,10,31,5157
2543,1,2,25,5413
2544,3,2,54,11373
2545,2,10,39,7749
2546,1,2,32,7069
2547,1,16,32,5093
2548,3,16,65,10824
2549,2,0,55,11646
2550,1,15,27,5236
2551,2,9,45,8026
2552,1,14,29,5576
2553,1,17,25,3726
2554,3,7,79,13713
2555,3,18,68,9718
2556,3,8,59,12541
2557,1,19,24,3956
2558,3,10,51,9334
2559,1,16,25,4565
2560,1,15,33,6978
2561,2,14,44,8254
2562,1,3,28,4908
2563,2,9,53,9288
2564,2,3,45,7455
2565,2,10,42,6219
2566,1,3,25,5208
2567,1,3,30,6582
2568,1,9,26,5328
2569,1,14,23,4390
2570,2,12,44,7138
2571,2,17,43,8392
2572,1,11,25,4288
2573,1,16,27,5037
2574,3,15,77,13998
2575,1,18,35,7009
2576,1,12,29,5397
2577,2,2,55,9505
2578,2,3,45,8416
2579,1,13,33,5699
2580,3,10,71,12397
2581,1,15,21,4104
2582,1,0,25,4847
2583,2,0,52,10022
2584,3,8,65,11005
2585,1,4,23,5035
2586,1,8,23,4756
2587,2,2,53,9438
2588,3,16,61,10266
2589,3,6,79,14526
2590,3,14,71,12927
2591,2,19,52,8286
2592,3,18,78,12943
2593,3,19,62,9202
2594,2,0,46,8398
2595,3,9,74,13845
2596,1,9,29,5721
2597,2,10,48,8410
2598,2,0,40,7406
2599,3,12,64,9651
2600,2,18,39,5901
2601,1,5,26,5451
2602,1,5,23,5031
2603,1,15,22,4035
2604,2,18,55,9259
2605,3,7,61,11916
2606,3,14,55,9755
2607,1,2,29,5294
2608,2,16,49,7047
2609,1,13,29,5146
2610,3,1,76,13395
2611,1,18,23,3582
2612,3,18,60,10239
2613,1,0,25,5365
2614,1,1,29,6942
2615,2,7,53,8581
2616,2,8,50,8392
2617,2,17,41,6117
2618,3,9,53,7939
2619,3,12,73,11506
2620,1,9,32,6243
2621,1,0,32,7342
2622,1,5,31,6182
2623,3,4,53,12629
2624,3,12,81,14235
2625,2,10,40,7682
2626,3,18,61,9256
2627,3,12,74,15626
2628,1,2,25,5536
2629,2,16,58,11146
2630,3,18,56,9779
2631,1,16,30,5147
2632,1,14,29,5281
2633,1,8,29,5579
2634,3,4,80,11673
2635,3,19,79,13779
2636,3,3,56,11665
2637,2,17,46,6218
2638,1,2,28,5981
2639,3,7,59,11042
2640,1,2,29,6269
2641,2,19,53,8710
2642,1,6,29,6150
2643,1,16,28,4597
2644,3,14,62,11762
2645,3,7,78,13478
2646,1,2,30,7124
2647,2,2,45,9102
2648,3,19,69,11974
2649,3,8,60,11572
2650,2,6,48,7037
2651,2,12,53,8972
2652,3,2,53,10184
2653,3,14,51,8449
2654,1,15,29,5394
2655,3,8,71,10548
2656,1,1,21,4531
2657,1,9,22,3912
2658,3,1,79,15603
2659,3,14,65,10438
2660,3,16,82,13233
2661,1,2,26,4825
2662,1,14,29,6001
2663,2,11,51,9267
2664,1,14,27,4794
2665,1,16,26,4681
2666,3,15,69,11693
2667,2,8,55,8805
2668,3,16,67,11778
2669,3,16,66,11749
2670,2,0,54,9829
2671,1,1,32,7033
2672,2,9,40,7787
2673,1,1,30,5690
2674,2,0,56,11632
2675,3,1,54,10453
2676,3,7,78,13349
2677,3,0,64,12872
2678,1,6,23,4673
2679,1,14,31,5538
2680,1,18,31,5570
2681,3,3,59,10217
2682,1,1,28,5046
2683,2,15,39,6085
2684,1,17,30,5044
2685,1,11,28,4585
2686,3,6,68,11934
2687,1,13,22,4459
2688,1,15,30,5493
2689,1,16,28,4056
2690,3,19,83,12920
2691,2,5,46,8646
2692,1,13,27,4895
2693,1,17,31,3629
2694,1,19,30,4537
2695,2,15,43,7261
2696,3,6,80,13476
2697,3,5,78,11747
2698,1,5,28,5541
2699,3,11,73,13867
2700,2,0,41,9301
2701,2,19,43,7428
2702,3,7,74,11247
2703,2,10,46,8681
2704,3,3,70,13818
2705,1,11,25,4669
2706,2,1,54,11859
2707,1,1,29,5650
2708,3,11,55,10616
2709,1,4,28,6475
2710,2,12,41,8539
2711,1,15,30,5088
2712,1,4,29,5414
2713,2,1,49,9444
2714,2,3,44,7988
2715,2,7,50,9537
2716,3,13,69,11689
2717,1,15,29,4620
2718,2,7,46,9028
2719,2,12,53,9733
2720,1,15,32,6049
2721,3,18,64,11838
2722,3,1,69,13534
2723,3,5,66,10039
2724,1,9,28,4911
2725,1,13,26,3487
2726,2,0,53,9868
2727,3,9,52,8808
2728,2,13,49,6064
2729,3,3,73,13149
2730,2,11,44,6339
2731,3,0,54,11318
2732,3,11,56,11603
2733,1,17,22,3417
2734,2,1,39,8284
2735,2,13,47,8860
2736,3,16,77,13439
2737,1,11,28,5155
2738,3,3,82,12620
2739,1,13,33,5858
2740,1,19,26,4410
2741,3,15,55,9164
2742,3,1,82,13833
2743,3,6,83,15138
2744,3,14,57,10616
2745,3,0,81,16590
2746,3,9,51,6615
2747,1,0,29,6434
2748,2,19,51,8598
2749,3,19,65,9102
2750,1,9,30,4690
2751,1,5,26,4969
2752,3,9,62,10359
2753,3,0,82,14522
2754,3,5,61,10705
2755,3,9,76,14730
2756,3,7,67,12738
2757,1,9,27,4824
2758,2,0,48,9227
2759,2,7,55,8839
2760,3,13,74,13335
2761,3,9,56,9563
2762,2,16,39,4975
2763,1,13,24,4423
2764,3,7,76,13700
2765,3,0,71,15981
2766,1,8,22,5042
2767,2,14,37,7294
2768,3,14,68,9641
2769,2,16,49,7042
2770,2,17,46,7836
2771,1,14,30,4410
2772,2,11,54,10949
2773,3,16,80,12781
2774,3,6,78,15209
2775,1,2,28,5451
2776,1,1,22,4590
2777,1,7,25,4655
2778,2,10,43,6848
2779,2,13,47,7790
2780,2,13,38,6802
2781,3,12,63,12032
2782,2,6,45,9099
2783,2,3,44,8495
2784,1,0,30,7452
2785,3,16,54,10069
2786,2,10,51,11124
2787,1,12,29,5225
2788,2,9,51,7931
2789,1,6,30,6215
2790,3,10,56,10075
2791,2,3,47,10373
2792,3,3,53,8643
2793,3,16,77,13411
2794,1,4,23,4024
2795,1,14,25,4740
2796,2,9,43,6787
2797,2,11,53,9615
2798,3,5,66,12082
2799,3,19,72,11770
2800,1,18,28,5760
2801,3,3,70,11055
2802,1,6,25,4123
2803,2,19,48,9178
2804,2,15,55,9299
2805,3,11,75,12087
2806,1,9,34,6321
2807,1,1,24,5635
2808,2,12,41,7614
2809,1,2,30,6371
2810,2,14,48,8487
2811,2,5,44,8643
2812,1,4,25,4749
2813,1,19,29,5513
2814,2,4,39,7851
2815,3,2,59,11454
2816,3,5,83,13607
2817,2,4,38,8146
2818,1,4,30,5282
2819,1,3,33,6645
2820,3,9,51,7575
2821,1,19,31,4990
2822,1,7,32,6259
2823,1,7,28,5237
2824,2,14,58,10508
2825,1,19,31,5117
2826,3,13,74,11952
2827,3,18,58,8905
2828,2,13,50,8049
2829,1,4,23,4983
2830,1,12,27,4937
2831,2,7,46,9339
2832,1,2,29,5387
2833,2,2,44,8779
2834,3,4,59,11702
2835,2,11,41,7404
2836,3,2,71,11210
2837,2,12,58,9933
2838,3,4,78,13945
2839,3,15,64,8894
2840,3,2,76,11989
2841,2,2,42,7713
2842,1,13,27,4571
2843,1,13,30,5810
2844,2,15,57,10456
2845,3,4,54,11496
2846,3,2,67,12302
2847,2,8,57,9873
2848,2,1,41,8534
2849,2,19,57,7985
2850,1,1,26,6297
2851,2,8,38,8298
2852,2,16,42,7509
2853,3,12,76,13500
2854,1,18,28,4449
2855,2,8,41,7898
2856,2,12,48,8326
2857,3,5,64,12034
2858,2,14,54,9829
2859,2,3,39,7603
2860,3,14,54,9072
2861,2,19,55,8603
2862,1,15,27,4971
2863,2,17,41,8161
2864,1,15,22,3784
2865,3,0,52,11265
2866,3,13,64,10953
2867,2,16,50,9006
2868,1,8,26,5127
2869,2,3,38,7641
2870,1,15,28,4143
2871,1,13,31,5439
2872,1,7,28,6076
2873,3,3,70,11981
2874,3,16,59,11631
2875,1,15,27,5475
2876,2,17,52,10441
2877,1,14,34,6772
2878,1,19,25,4187
2879,1,12,29,6362
2880,3,1,70,12666
2881,2,12,36,7061
2882,1,7,32,7286
2883,2,11,54,9849
2884,2,18,38,6817
2885,2,14,43,5839
2886,1,6,33,7019
2887,3,14,77,14968
2888,2,13,53,9309
2889,3,12,53,8343
2890,1,18,28,4536
2891,1,2,26,5006
2892,2,3,56,9636
2893,1,8,34,5585
2894,2,2,56,11402
2895,2,19,58,8980
2896,2,0,51,9351
2897,3,16,59,10677
2898,3,17,60,8950
2899,2,19,56,7797
2900,1,9,29,5968
2901,2,11,53,10147
2902,1,12,32,6206
2903,3,7,55,10785
2904,1,12,29,5014
2905,2,10,53,9482
2906,1,16,27,5638
2907,1,2,25,5848
2908,3,4,82,14470
2909,1,10,27,5451
2910,2,3,53,9028
2911,2,14,57,11423
2912,1,5,35,5807
2913,1,10,26,5225
2914,1,14,29,5012
2915,3,18,51,8393
2916,3,14,66,9224
2917,3,12,74,12066
2918,2,19,49,8297
2919,3,3,61,10205
2920,2,13,47,8376
2921,3,19,73,11455
2922,3,18,62,11749
2923,1,6,29,6187
2924,3,17,69,14009
2925,2,19,48,8263
2926,3,1,67,11443
2927,3,16,54,8427
2928,1,6,34,7371
2929,2,2,55,9402
2930,2,3,49,9643
2931,1,1,25,5002
2932,1,18,25,4028
2933,3,2,72,10527
2934,2,7,39,7834
2935,1,3,24,4573
2936,2,13,56,9212
2937,3,16,61,8934
2938,2,15,53,7789
2939,2,12,42,8199
2940,3,6,55,11239
2941,3,6,71,11011
2942,3,1,79,15473
2943,1,4,22,4247
2944,1,7,29,5495
2945,1,2,27,5895
2946,1,19,22,3420
2947,2,17,48,8939
2948,2,7,50,9389
2949,3,5,58,12307
2950,3,3,72,13751
2951,1,9,28,5452
2952,3,10,78,12970
2953,2,7,42,7803
2954,2,1,45,8683
2955,2,12,57,10003
2956,3,1,76,15204
2957,2,19,38,6481
2958,3,7,59,9394
2959,3,0,56,11019
2960,3,7,81,14404
2961,2,8,45,9405
2962,2,11,46,8543
2963,2,2,51,9035
2964,3,10,54,7634
2965,1,3,26,5778
2966,2,6,41,7591
2967,3,5,70,12672
2968,1,6,28,4885
2969,3,18,79,13517
2970,3,1,72,12386
2971,2,7,55,7956
2972,1,4,27,5773
2973,1,12,22,4101
2974,1,14,27,5561
2975,3,17,53,7109
2976,3,13,58,10901
2977,3,6,57,11140
2978,1,5,24,4968
2979,1,4,32,6567
2980,2,4,55,10028
2981,2,3,47,8506
2982,1,8,29,6672
2983,2,14,56,8724
2984,3,1,82,17196
2985,2,7,41,7876
2986,1,7,26,4988
2987,1,13,23,3833
2988,3,13,53,9016
2989,2,11,53,9393
2990,2,8,50,7917
2991,3,19,53,7734
2992,3,12,68,11189
2993,2,14,58,9932
2994,3,11,79,11795
2995,2,16,48,9954
2996,3,16,70,10170
2997,2,2,53,9720
2998,1,5,32,6615
2999,1,5,34,7533
3000,1,18,31,5148
3001,2,19,57,10020
3002,1,12,32,4783
3003,3,10,65,13419
3004,3,18,65,13958
3005,1,16,30,5161
3006,3,2,77,14129
3007,2,12,54,10412
3008,3,17,62,11525
3009,2,18,44,6430
3010,3,14,63,12096
3011,1,8,26,5179
3012,3,16,75,12608
3013,1,2,21,4881
3014,1,4,31,6675
3015,1,19,30,5123
3016,2,18,52,7011
3017,1,14,28,4729
3018,1,1,35,7587
3019,3,12,55,8634
3020,1,15,28,5101
3021,3,17,68,12454
3022,1,0,28,5696
3023,3,4,52,9245
3024,1,18,26,4274
3025,3,17,75,10138
3026,1,17,25,4711
3027,1,13,32,6363
3028,1,0,23,4819
3029,1,2,34,7322
3030,2,10,48,9314
3031,1,18,23,4030
3032,1,8,29,5369
3033,3,2,59,11239
3034,1,10,34,4982
3035,1,18,29,4570
3036,3,12,71,11420
3037,2,15,38,5954
3038,3,15,59,10931
3039,3,0,58,11557
3040,1,4,23,4140
3041,3,18,69,11628
3042,1,17,30,5433
3043,2,13,41,6557
3044,3,2,75,11658
3045,3,13,70,12516
3046,3,14,65,12466
3047,2,13,53,10430
3048,2,10,45,8582
3049,3,17,59,7257
3050,2,7,41,8205
3051,1,1,32,6374
3052,2,2,46,7917
3053,3,3,69,13638
3054,1,18,32,5744
3055,1,16,32,5281
3056,1,13,29,6317
3057,1,9,23,5094
3058,1,16,31,5247
3059,1,12,24,4089
3060,3,3,68,11348
3061,2,0,53,8953
3062,3,2,63,11150
3063,3,13,71,13899
3064,1,18,34,6869
3065,3,0,78,15699
3066,1,15,30,5689
3067,1,16,23,4392
3068,2,18,42,6559
3069,2,2,52,10062
3070,1,5,28,4918
3071,2,5,43,8790
3072,1,11,31,4975
3073,2,7,48,8741
3074,3,18,75,14448
3075,3,7,59,11332
3076,1,0,27,6267
3077,1,8,28,6340
3078,3,7,62,11745
3079,2,13,50,8132
3080,2,10,44,8087
3081,2,19,40,6058
3082,1,1,27,5862
3083,3,18,72,13410
3084,3,3,52,10185
3085,3,0,65,14287
3086,2,5,54,9679
3087,2,5,43,9011
3088,3,3,67,10408
3089,2,11,46,8535
3090,1,17,33,5396
3091,3,7,83,14339
3092,2,17,39,7247
3093,3,10,56,11551
3094,2,6,45,8320
3095,3,11,70,11699
3096,3,9,70,10486
3097,2,19,50,9067
3098,2,12,54,8641
3099,3,12,74,11921
3100,1,1,27,5597
3101,2,14,53,6382
3102,2,5,50,8292
3103,3,7,76,13252
3104,2,7,43,8944
3105,2,6,40,6637
3106,3,4,55,10552
3107,3,3,54,10114
3108,2,18,39,6199
3109,2,3,43,10032
3110,1,15,33,5468
3111,1,14,29,5101
3112,1,0,28,6238
3113,2,10,44,6159
3114,2,19,52,7019
3115,3,12,78,15461
3116,2,3,41,7366
3117,3,5,80,13724
3118,1,2,33,6695
3119,2,10,50,8565
3120,1,9,29,5030
3121,2,3,57,8708
3122,3,8,54,9146
3123,3,7,66,10243
3124,2,3,44,7627
3125,2,10,37,6872
3126,2,6,50,8920
3127,2,13,49,7741
3128,2,11,54,10550
3129,2,14,51,9655
3130,3,12,68,10148
3131,2,6,50,7607
3132,2,8,46,8194
3133,3,2,83,16476
3134,3,6,64,11508
3135,3,13,78,13010
3136,3,6,59,11741
3137,2,17,52,9688
3138,2,9,51,9360
3139,1,14,25,4146
3140,1,8,23,4374
3141,1,2,31,5935
3142,3,19,55,9087
3143,2,16,45,7899
3144,1,19,24,4891
3145,2,12,43,8352
3146,1,8,31,5100
3147,2,17,51,9148
3148,2,13,46,9033
3149,1,16,28,4553
3150,2,4,53,9940
3151,2,13,36,6856
3152,2,18,50,6782
3153,2,17,44,6183
3154,2,16,43,4427
3155,2,8,48,9829
3156,1,7,29,5888
3157,1,3,22,5088
3158,2,15,44,8437
3159,2,14,40,7544
3160,3,16,79,13148
3161,1,0,27,5571
3162,2,4,41,7940
3163,2,12,50,8127
3164,2,8,44,7073
3165,1,3,32,6245
3166,1,8,29,5732
3167,1,19,32,6156
3168,2,9,38,6158
3169,3,14,73,11034
3170,2,1,58,12833
3171,1,18,23,3923
3172,2,9,42,8231
3173,2,3,49,9547
3174,3,11,76,14115
3175,1,8,25,4427
3176,1,10,29,5536
3177,2,17,40,7279
3178,1,14,29,4678
3179,3,7,60,12886
3180,2,15,44,7742
3181,1,7,31,5128
3182,3,18,77,12899
3183,1,1,32,6946
3184,3,3,58,11961
3185,3,5,62,9601
3186,1,19,21,3803
3187,1,1,28,5881
3188,3,11,80,13739
3189,1,14,22,3609
3190,1,15,31,5429
3191,1,2,33,7052
3192,2,2,57,10617
3193,3,7,58,11142
3194,2,1,41,8821
3195,3,11,78,15358
3196,3,14,55,10865
3197,1,0,25,5963
3198,2,1,58,11266
3199,1,18,29,5134
3200,1,11,35,6624
3201,2,1,54,11070
3202,1,5,31,6573
3203,2,18,43,6059
3204,3,18,72,14309
3205,3,9,68,13161
3206,3,15,58,9807
3207,3,13,66,12088
3208,1,11,25,4766
3209,1,0,30,6774
3210,3,13,76,13344
3211,2,7,48,9233
3212,3,8,59,9239
3213,2,1,54,9956
3214,2,12,42,7173
3215,3,5,55,10341
3216,1,3,33,6566
3217,1,18,23,3473
3218,3,3,78,13327
3219,1,16,33,5823
3220,1,9,30,5801
3221,1,2,30,6166
3222,1,16,24,4133
3223,1,4,26,5433
3224,1,4,26,5284
3225,3,6,72,13638
3226,2,10,40,6192
3227,3,18,67,11155
3228,2,5,46,8996
3229,1,13,29,5484
3230,2,17,43,7454
3231,2,10,48,8028
3232,2,19,44,9721
3233,2,6,40,6381
3234,1,10,21,3623
3235,2,1,48,9092
3236,3,18,79,12181
3237,3,11,71,11612
3238,3,11,56,10247
3239,1,2,24,4232
3240,3,11,60,10621
3241,1,3,30,6972
3242,1,19,28,4659
3243,3,7,52,8106
3244,1,10,30,6387
3245,2,15,46,6593
3246,3,9,82,13181
3247,1,14,32,5571
3248,2,19,52,8992
3249,1,14,31,5838
3250,1,4,25,5986
3251,3,0,66,14211
3252,2,2,40,8800
3253,1,6,29,5203
3254,3,15,67,10746
3255,2,8,45,8789
3256,1,10,29,5473
3257,1,14,27,5666
3258,1,7,22,4922
3259,1,14,23,4472
3260,1,12,22,4387
3261,3,13,69,11501
3262,3,18,81,13845
3263,3,10,58,8307
3264,3,13,65,10494
3265,2,12,38,6942
3266,3,12,76,14745
3267,3,17,63,10624
3268,3,2,72,14075
3269,2,10,46,9168
3270,3,2,54,11579
3271,2,19,42,6891
3272,2,0,50,9698
3273,3,1,82,14670
3274,2,19,50,7326
3275,2,13,43,7685
3276,1,13,29,5247
3277,2,19,39,6968
3278,1,3,25,5006
3279,2,4,43,6169
3280,2,8,44,8785
3281,3,5,60,8909
3282,2,0,57,11488
3283,3,9,60,10254
3284,2,3,44,8952
3285,1,4,29,6113
3286,1,14,31,6394
3287,3,11,69,14238
3288,3,4,51,8330
3289,1,17,27,4268
3290,3,4,60,10658
3291,3,4,57,10945
3292,2,4,46,8491
3293,2,9,42,8262
3294,1,3,29,6146
3295,1,17,29,5047
3296,2,9,58,9598
3297,2,9,41,8749
3298,2,7,50,10768
3299,2,9,39,7992
3300,1,16,26,4858
3301,1,2,26,5490
3302,1,4,28,5986
3303,3,17,66,13179
3304,1,7,30,5397
3305,2,13,52,10082
3306,3,8,53,9611
3307,2,11,53,9235
3308,2,11,42,7904
3309,2,6,55,10453
3310,1,2,27,6448
3311,3,2,63,11110
3312,3,16,58,8333
3313,3,2,71,13703
3314,2,3,49,9803
3315,2,7,56,8313
3316,1,10,33,6095
3317,1,15,31,5367
3318,3,8,56,10228
3319,3,14,61,9944
3320,2,16,56,9680
3321,2,17,52,9418
3322,2,18,47,8869
3323,2,18,53,10228
3324,2,11,43,7365
3325,1,11,29,5435
3326,2,4,59,10800
3327,2,1,51,9578
3328,1,16,30,5243
3329,3,11,62,12879
3330,3,10,67,11368
3331,1,0,28,5891
3332,3,13,68,11067
3333,1,14,33,4738
3334,1,13,29,5007
3335,3,11,75,14038
3336,3,15,68,12501
3337,2,18,44,7539
3338,1,3,27,5131
3339,1,9,32,6790
3340,1,17,33,5368
3341,3,10,69,13481
3342,1,7,33,6249
3343,1,6,29,6524
3344,3,7,70,10536
3345,3,4,83,13957
3346,1,18,30,5888
3347,1,8,32,5511
3348,2,0,55,11008
3349,3,8,72,10273
3350,3,5,74,14058
3351,1,13,28,4758
3352,1,1,27,5334
3353,3,7,68,11939
3354,3,16,57,7693
3355,1,19,29,4629
3356,3,19,52,8631
3357,3,3,77,14880
3358,3,6,63,11947
3359,3,4,55,9501
3360,3,5,63,11473
3361,1,18,28,3852
3362,1,10,26,5086
3363,1,13,29,3941
3364,1,17,33,5779
3365,3,5,79,12921
3366,1,1,30,6711
3367,1,17,27,4420
3368,2,17,47,8087
3369,2,6,46,6928
3370,3,8,69,11742
3371,2,6,54,9787
3372,3,1,67,13187
3373,1,6,27,5242
3374,3,4,76,12966
3375,2,7,50,8516
3376,1,17,28,5020
3377,1,19,30,5243
3378,1,13,26,4037
3379,2,18,51,8864
3380,1,17,22,4293
3381,1,4,31,6070
3382,2,19,52,10051
3383,1,10,32,5603
3384,3,9,63,10458
3385,3,4,65,10187
3386,3,5,61,11591
3387,3,16,71,10976
3388,2,1,41,7122
3389,3,0,55,8483
3390,2,17,53,8774
3391,1,18,21,3396
3392,2,4,44,8830
3393,1,2,28,6362
3394,2,19,51,8735
3395,1,8,32,5597
3396,2,14,38,6479
3397,1,6,27,6223
3398,1,10,32,6625
3399,2,16,47,6722
3400,3,1,71,11080
3401,1,3,23,4565
3402,3,16,63,11838
3403,3,5,66,10162
3404,1,1,24,5016
3405,1,8,33,6719
3406,2,18,43,7840
3407,2,5,45,10215
3408,3,12,58,11576
3409,3,19,64,11672
3410,1,17,27,4823
3411,3,0,81,14172
3412,1,12,32,5299
3413,3,11,67,10089
3414,1,10,23,3947
3415,1,10,25,4864
3416,3,11,68,9508
3417,2,18,49,9141
3418,3,18,71,14246
3419,2,17,55,7440
3420,3,16,68,10914
3421,3,19,79,13586
3422,1,6,30,6135
3423,1,3,28,5961
3424,1,11,28,4967
3425,2,9,51,9930
3426,1,1,24,5974
3427,1,7,27,5898
3428,3,3,62,11111
3429,3,9,69,13257
3430,3,14,54,9182
3431,1,14,31,6356
3432,3,2,56,9844
3433,1,19,30,5307
3434,3,3,68,11108
3435,2,18,51,9315
3436,2,18,56,9365
3437,1,16,26,5023
3438,3,14,57,10223
3439,3,5,82,12904
3440,1,17,26,5533
3441,3,0,71,13207
3442,1,16,29,4601
3443,2,2,46,9015
3444,1,10,29,5483
3445,2,9,42,8214
3446,3,17,80,13036
3447,2,1,51,9836
3448,1,9,33,7097
3449,1,13,23,4853
3450,2,6,42,7466
3451,3,2,51,8429
3452,2,14,38,6989
3453,3,14,55,11235
3454,3,3,56,8738
3455,2,4,40,6712
3456,1,3,26,3986
3457,2,10,43,7974
3458,2,4,41,8532
3459,2,6,52,9906
3460,2,3,39,8227
3461,2,1,49,8145
3462,2,11,40,7516
3463,1,11,31,6089
3464,2,4,40,8212
3465,2,4,53,10954
3466,2,9,39,7084
3467,2,7,42,7082
3468,2,10,49,8256
3469,1,14,30,4905
3470,3,5,56,9407
3471,2,10,41,7220
3472,1,7,35,7527
3473,1,18,33,5674
3474,2,1,43,8918
3475,2,10,43,6827
3476,1,10,32,6634
3477,1,17,24,4839
3478,1,13,27,5360
3479,1,8,31,5627
3480,1,5,31,6367
3481,1,13,32,5989
3482,2,13,51,9025
3483,2,11,55,9344
3484,1,19,24,5026
3485,2,11,53,9656
3486,2,12,47,7007
3487,2,5,56,9440
3488,1,18,24,4052
3489,2,15,51,9634
3490,3,10,65,10874
3491,1,2,34,7610
3492,3,5,56,9767
3493,1,3,25,5671
3494,3,5,57,9035
3495,3,2,59,11601
3496,2,4,50,9075
3497,2,16,52,8098
3498,2,10,39,6828
3499,2,15,56,9804
3500,2,7,59,12255
3501,2,16,47,6908
3502,2,8,59,11012
3503,2,4,48,9469
3504,3,4,74,12505
3505,2,3,46,9795
3506,3,10,56,8256
3507,1,17,32,4921
3508,2,5,42,9336
3509,2,11,46,9355
3510,3,14,75,11065
3511,3,5,74,12050
3512,3,19,64,9594
3513,3,13,77,13288
3514,1,16,26,5169
3515,2,1,49,9154
3516,1,12,22,4845
3517,3,9,63,11784
3518,3,15,62,10993
3519,3,4,69,11173
3520,1,13,29,5353
3521,1,14,30,5798
3522,2,17,40,6460
3523,1,11,28,5044
3524,3,18,76,13811
3525,3,1,63,11611
3526,3,6,68,13064
3527,3,13,62,11140
3528,3,13,72,11541
3529,2,13,41,7803
3530,3,8,78,10970
3531,3,11,75,11425
3532,2,3,44,9072
3533,1,11,31,6321
3534,2,8,47,9303
3535,3,7,66,12632
3536,3,18,55,9464
3537,3,0,77,17482
3538,3,3,56,10717
3539,3,5,70,14637
3540,3,7,67,13666
3541,3,5,54,10855
3542,3,17,72,11941
3543,2,19,48,6065
3544,2,1,41,8714
3545,2,1,50,10861
3546,3,9,62,10064
3547,1,2,34,7205
3548,1,11,31,5314
3549,1,4,27,5716
3550,2,12,46,7859
3551,1,8,33,6177
3552,3,1,54,9878
3553,3,15,72,11067
3554,2,14,56,8506
3555,2,0,45,8321
3556,1,0,28,5905
3557,3,16,83,14474
3558,2,2,46,10974
3559,3,10,70,10421
3560,1,4,23,5010
3561,2,18,48,7392
3562,3,4,63,12716
3563,1,7,33,5636
3564,2,5,53,7732
3565,1,3,27,6182
3566,3,17,80,15470
3567,2,7,44,8607
3568,1,18,25,4592
3569,1,11,25,4919
3570,2,9,51,9732
3571,1,3,34,5963
3572,2,6,48,8900
3573,2,12,41,7495
3574,2,4,45,8218
3575,2,6,46,8498
3576,2,3,55,11981
3577,1,16,27,5103
3578,3,2,78,14130
3579,2,18,42,8037
3580,1,7,32,7324
3581,3,19,80,12777
3582,3,10,71,15356
3583,3,2,73,15112
3584,3,2,52,9172
3585,2,15,48,8206
3586,1,18,24,4197
3587,1,16,24,4282
3588,1,14,29,4806
3589,2,6,46,7932
3590,1,16,25,4515
3591,2,10,44,6852
3592,2,17,37,7273
3593,1,5,26,5603
3594,2,16,39,7253
3595,2,7,40,7121
3596,2,4,53,8725
3597,3,13,72,9383
3598,1,16,31,5523
3599,1,16,32,5330
3600,2,12,43,7800
3601,3,0,73,14256
3602,2,4,51,9665
3603,1,15,27,5051
3604,1,8,32,6125
3605,3,11,76,12223
3606,3,2,83,15798
3607,1,11,28,5665
3608,3,7,63,12106
3609,3,2,71,14440
3610,1,13,32,5877
3611,1,9,23,4577
3612,2,14,44,7614
3613,2,12,50,10036
3614,1,18,33,5165
3615,1,5,30,6948
3616,1,15,26,4503
3617,1,4,28,5696
3618,1,16,26,4683
3619,3,19,67,13479
3620,1,3,29,5449
3621,1,9,32,5318
3622,2,15,43,7141
3623,2,0,53,10428
3624,1,12,21,4429
3625,2,11,46,9084
3626,1,5,33,6614
3627,3,6,54,11092
3628,2,10,45,7704
3629,1,7,22,4733
3630,1,3,24,4955
3631,3,19,78,12409
3632,2,1,57,10843
3633,1,6,29,6079
3634,2,13,50,9551
3635,2,1,38,6692
3636,2,3,51,10254
3637,3,13,64,10527
3638,2,4,50,9238
3639,3,15,76,14240
3640,1,8,24,4914
3641,1,15,23,4068
3642,2,19,53,8576
3643,1,19,28,4630
3644,2,19,40,6263
3645,1,17,24,3428
3646,2,13,55,10902
3647,1,11,31,5047
3648,1,12,21,4631
3649,1,6,35,7481
3650,3,12,67,11843
3651,1,18,33,5363
3652,1,8,31,6018
3653,3,11,77,11596
3654,1,15,27,4712
3655,3,18,73,10887
3656,1,13,31,4920
3657,2,5,41,8435
3658,1,1,22,4891
3659,3,19,64,8962
3660,1,15,34,5288
3661,3,17,63,10853
3662,1,4,23,5314
3663,3,7,78,11966
3664,1,18,24,4025
3665,2,13,46,6805
3666,1,8,26,5229
3667,2,13,49,7596
3668,3,3,74,13110
3669,1,18,33,4926
3670,2,19,43,7330
3671,3,18,61,7995
3672,2,5,42,7796
3673,2,1,55,9708
3674,3,2,57,11189
3675,1,9,28,5782
3676,2,11,54,9841
3677,2,1,38,6901
3678,3,15,75,12343
3679,3,10,56,10538
3680,1,1,24,5363
3681,3,19,83,15088
3682,3,2,59,12448
3683,2,8,59,9199
3684,3,18,59,11402
3685,3,14,79,14716
3686,1,6,31,5981
3687,1,7,24,5169
3688,2,19,57,9128
3689,3,1,56,10015
3690,2,10,56,12048
3691,1,17,25,4775
3692,3,3,73,15655
3693,3,18,63,10147
3694,1,7,30,7210
3695,2,14,39,6594
3696,3,1,79,16918
3697,2,15,50,6554
3698,2,15,57,8619
3699,2,17,52,9701
3700,3,4,72,12787
3701,2,8,38,7331
3702,2,4,54,9116
3703,2,5,53,9133
3704,2,12,54,8898
3705,2,2,36,7699
3706,3,4,79,16198
3707,1,14,22,3869
3708,2,2,58,11290
3709,2,8,45,9471
3710,1,1,26,5740
3711,3,12,68,12750
3712,1,2,26,5309
3713,2,11,48,8715
3714,2,11,52,10866
3715,1,5,22,4284
3716,2,12,37,7284
3717,3,2,61,12670
3718,2,13,44,9146
3719,2,7,44,7566
3720,2,1,41,8204
3721,1,13,29,5208
3722,1,3,23,4536
3723,2,12,54,7810
3724,3,6,68,11423
3725,3,9,81,15470
3726,1,9,35,6629
3727,1,11,25,3881
3728,3,14,60,9958
3729,1,17,30,6167
3730,2,19,48,8393
3731,2,1,52,10303
3732,2,8,44,7980
3733,1,10,27,4974
3734,1,11,25,4719
3735,2,3,42,6947
3736,1,18,35,6400
3737,3,10,69,13417
3738,1,9,24,4693
3739,2,2,53,10886
3740,1,18,32,5445
3741,2,4,47,9006
3742,1,16,27,5759
3743,1,12,22,4330
3744,2,1,52,9849
3745,3,1,56,10410
3746,3,10,54,9639
3747,3,5,77,13064
3748,2,4,56,10961
3749,1,2,29,6665
3750,2,13,46,9211
3751,1,11,26,4024
3752,2,4,40,8573
3753,1,10,25,3969
3754,1,0,25,5817
3755,2,19,57,7497
3756,2,2,43,9419
3757,2,6,54,8869
3758,1,17,24,5065
3759,2,14,44,7411
3760,3,4,57,8945
3761,2,1,53,9639
3762,2,9,55,9997
3763,1,4,27,5584
3764,3,6,66,11462
3765,2,8,40,8854
3766,1,8,25,4688
3767,1,5,24,5022
3768,1,19,25,3768
3769,3,5,59,12154
3770,2,0,51,9756
3771,2,7,53,7983
3772,2,1,45,8208
3773,2,12,40,6524
3774,3,11,57,8703
3775,2,6,49,8507
3776,1,6,28,6126
3777,1,10,24,3961
3778,2,12,40,6864
3779,2,16,56,8773
3780,2,5,52,9107
3781,3,14,66,11806
3782,3,6,51,9294
3783,3,9,77,13678
3784,2,2,52,11561
3785,3,4,61,10814
3786,2,11,47,8882
3787,2,9,54,9604
3788,1,5,27,5509
3789,3,18,58,10211
3790,1,16,34,6416
3791,3,8,62,10777
3792,3,5,60,11033
3793,1,8,22,4603
3794,1,5,28,5866
3795,2,10,56,8768
3796,3,4,54,10652
3797,2,2,52,9553
3798,2,8,37,6286
3799,2,6,49,6839
3800,3,7,82,13642
3801,1,17,29,5139
3802,1,11,26,4657
3803,3,6,61,10025
3804,3,11,63,10799
3805,2,18,46,7348
3806,1,9,23,4287
3807,3,14,80,13050
3808,1,10,33,6427
3809,3,17,68,11229
3810,2,5,46,9030
3811,3,11,63,9640
3812,2,7,49,8909
3813,3,0,79,16967
3814,2,9,36,6420
3815,2,1,48,10116
3816,2,10,41,7953
3817,2,15,57,10360
3818,3,1,78,14023
3819,3,19,60,11058
3820,1,0,30,6291
3821,2,9,40,6304
3822,3,19,68,10672
3823,1,11,26,4808
3824,3,18,73,11801
3825,3,17,80,15931
3826,3,6,69,13771
3827,1,16,31,5863
3828,2,14,51,8494
3829,3,9,74,12869
3830,3,4,80,14499
3831,1,2,26,5039
3832,3,15,80,14371
3833,3,8,63,9022
3834,1,13,27,4507
3835,2,19,41,6137
3836,1,14,29,4836
3837,3,1,61,13875
3838,1,7,33,6031
3839,3,8,65,10186
3840,1,11,32,6240
3841,2,13,45,9133
3842,1,8,29,4861
3843,1,0,27,6010
3844,2,0,44,7243
3845,3,12,72,14738
3846,3,19,51,8705
3847,2,7,48,9468
3848,1,10,26,4265
3849,3,3,81,12341
3850,1,17,32,4902
3851,2,5,51,8423
3852,2,8,47,7866
3853,2,13,42,7196
3854,3,2,77,13855
3855,1,4,23,5405
3856,2,4,41,7382
3857,2,3,51,10069
3858,1,18,30,6884
3859,3,12,55,9596
3860,2,14,56,7536
3861,2,14,39,6912
3862,3,14,63,10649
3863,1,4,24,5382
3864,2,4,53,10776
3865,3,16,56,11041
3866,3,3,71,13819
3867,3,17,82,13086
3868,3,16,76,11821
3869,2,16,59,10910
3870,3,5,79,13000
3871,2,14,40,6938
3872,1,5,24,5172
3873,1,18,32,5293
3874,1,2,22,5213
3875,1,12,22,4198
3876,2,4,45,6393
3877,2,10,44,8641
3878,1,19,27,5081
3879,1,12,22,4999
3880,3,10,71,12366
3881,2,14,53,9731
3882,1,9,32,5743
3883,3,17,65,11336
3884,2,13,40,6261
3885,1,3,27,4974
3886,3,4,73,14615
3887,2,0,39,8800
3888,1,9,31,5855
3889,2,11,39,6395
3890,3,19,79,10901
3891,2,16,46,7005
3892,3,19,74,11715
3893,2,6,55,8921
3894,2,8,56,10269
3895,3,8,59,11246
3896,2,1,58,12033
3897,3,3,75,13606
3898,2,5,38,7605
3899,1,15,21,3849
3900,3,15,60,8856
3901,2,2,56,10019
3902,2,14,46,8572
3903,3,16,68,10177
3904,1,19,28,4928
3905,2,9,49,9623
3906,3,18,69,10936
3907,3,2,67,12546
3908,2,8,46,7394
3909,3,0,82,16551
3910,3,8,74,11353
3911,1,8,32,6324
3912,3,4,59,10067
3913,1,11,35,6254
3914,2,9,56,8900
3915,3,3,60,11690
3916,2,12,43,7882
3917,1,15,26,4551
3918,2,19,51,8713
3919,1,11,27,4841
3920,2,6,51,6850
3921,3,7,77,17109
3922,3,16,74,12004
3923,2,15,42,6980
3924,3,9,67,9731
3925,3,16,72,9292
3926,2,11,44,9679
3927,2,6,42,7673
3928,2,2,42,8002
3929,3,4,78,13452
3930,3,10,61,11628
3931,1,14,34,6544
3932,2,4,57,11861
3933,2,13,55,6503
3934,2,3,39,7458
3935,1,8,29,5600
3936,1,2,27,5882
3937,3,3,79,14152
3938,3,8,79,13425
3939,1,13,31,6227
3940,3,4,53,10949
3941,2,7,44,8282
3942,1,13,34,6295
3943,3,19,80,16375
3944,3,0,69,13376
3945,3,1,55,10193
3946,2,14,44,7473
3947,1,1,34,5851
3948,2,7,48,9202
3949,2,4,48,8958
3950,3,14,77,12444
3951,1,12,30,6012
3952,3,13,62,10361
3953,2,1,43,9375
3954,2,11,47,7997
3955,2,13,50,5813
3956,1,19,27,4902
3957,1,6,29,6488
3958,2,6,39,7942
3959,1,18,23,3481
3960,1,0,30,6245
3961,3,6,68,13109
3962,1,16,30,4361
3963,1,18,28,4240
3964,3,9,63,11218
3965,1,7,22,4807
3966,3,19,56,8915
3967,2,17,52,9734
3968,2,18,41,7941
3969,3,4,71,12698
3970,3,10,80,13686
3971,2,2,50,9353
3972,2,14,47,7680
3973,2,11,48,10005
3974,1,2,28,5898
3975,1,6,33,6685
3976,1,9,26,5476
3977,1,6,24,5667
3978,1,19,25,4221
3979,1,19,33,5930
3980,3,0,68,11997
3981,3,14,70,14159
3982,1,9,24,4264
3983,3,18,71,12107
3984,1,15,30,5180
3985,3,13,66,8701
3986,1,14,24,3979
3987,1,19,27,5270
3988,2,12,48,10043
3989,2,12,36,5919
3990,2,16,46,7638
3991,2,18,43,8932
3992,2,0,53,11281
3993,1,3,32,5312
3994,3,2,62,12152
3995,2,4,53,9774
3996,1,12,25,3988
3997,1,17,25,4089
3998,2,2,56,10583
3999,3,2,73,15930
4000,1,9,31,5715
4001,3,10,60,11583
4002,1,19,29,5389
4003,3,15,78,11267
4004,1,19,26,4376
4005,3,2,55,9491
4006,3,8,69,12989
4007,2,15,40,8194
4008,1,16,25,3624
4009,1,6,27,5774
4010,2,1,38,8033
4011,3,9,71,13003
4012,3,11,62,11848
4013,2,10,41,7255
4014,3,1,75,15332
4015,3,19,80,14236
4016,1,12,25,3887
4017,3,0,62,11901
4018,3,18,78,12911
4019,1,12,30,5538
4020,1,7,24,4256
4021,3,10,51,8962
4022,3,19,58,9636
4023,3,7,79,12824
4024,1,17,27,4969
4025,1,12,30,4443
4026,1,7,29,5647
4027,2,0,46,8132
4028,3,18,60,11761
4029,2,5,46,10367
4030,2,0,36,7887
4031,1,15,27,5470
4032,3,19,58,10710
4033,1,11,29,6038
4034,2,14,56,9223
4035,1,17,28,4309
4036,2,1,42,9053
4037,2,5,47,9207
4038,1,9,31,5708
4039,3,9,76,12126
4040,2,5,49,9309
4041,3,8,63,11189
4042,2,14,55,9316
4043,2,3,36,6824
4044,1,3,31,5821
4045,2,12,54,10008
4046,2,7,55,9887
4047,3,0,68,14770
4048,3,7,78,12222
4049,1,1,24,5361
4050,2,12,38,6434
4051,3,1,62,11997
4052,2,13,58,10018
4053,2,12,41,6439
4054,3,5,66,10467
4055,3,9,56,10743
4056,3,16,74,11922
4057,3,1,76,11745
4058,3,7,63,11079
4059,3,0,69,12608
4060,3,16,52,9084
4061,1,19,30,3919
4062,2,18,55,8925
4063,2,19,47,7065
4064,3,5,53,9982
4065,3,5,80,14680
4066,3,0,78,11988
4067,1,13,25,5248
4068,2,8,43,7364
4069,2,18,44,7054
4070,2,5,55,9957
4071,2,9,54,7345
4072,3,12,64,10067
4073,1,7,31,6492
4074,2,7,47,9188
4075,1,9,27,4916
4076,2,11,50,8782
4077,1,10,28,5603
4078,2,9,40,6736
4079,1,15,25,4233
4080,1,4,26,6526
4081,3,14,56,8803
4082,2,17,49,8735
4083,2,11,51,8098
4084,3,5,67,11622
4085,1,4,26,5763
4086,1,18,29,4902
4087,1,18,30,5303
4088,3,18,66,9855
4089,2,8,52,10927
4090,3,10,61,8716
4091,1,18,30,5557
4092,3,9,58,9181
4093,1,15,26,3859
4094,2,8,48,9456
4095,3,18,57,10686
4096,1,6,30,6207
4097,1,8,27,5548
4098,1,17,26,3811
4099,2,15,57,9585
4100,1,14,31,5627
4101,1,9,30,6154
4102,2,14,41,7085
4103,1,17,27,5942
4104,1,6,26,5120
4105,3,15,62,12220
4106,1,16,27,4851
4107,3,10,60,9655
4108,1,1,28,5942
4109,3,4,55,10524
4110,2,3,52,9390
4111,2,17,50,8981
4112,3,6,63,10355
4113,3,8,73,13807
4114,1,10,26,3691
4115,3,11,70,12866
4116,1,18,31,4225
4117,1,17,32,5435
4118,1,7,26,4937
4119,2,17,41,8116
4120,3,14,64,12018
4121,2,6,47,7407
4122,3,4,77,10992
4123,3,5,78,10321
4124,3,18,54,8116
4125,2,0,43,8365
4126,2,10,40,7376
4127,2,18,55,8477
4128,1,17,34,5197
4129,3,9,71,15136
4130,3,0,54,12527
4131,1,17,24,3860
4132,1,6,30,5064
4133,3,4,57,11497
4134,3,4,83,13642
4135,2,9,42,9644
4136,2,7,52,10140
4137,3,7,65,9656
4138,3,10,59,12464
4139,1,5,31,5696
4140,2,9,45,9028
4141,2,14,41,7900
4142,1,8,23,5273
4143,2,4,47,8611
4144,3,15,72,13448
4145,2,14,52,7742
4146,2,4,43,8208
4147,1,16,27,4998
4148,2,9,41,7490
4149,1,18,26,4211
4150,1,10,22,4599
4151,3,15,78,12096
4152,2,15,45,7473
4153,3,5,72,10251
4154,3,5,73,14264
4155,1,11,31,5938
4156,3,19,67,10938
4157,1,9,35,7450
4158,2,9,49,8933
4159,1,18,34,5223
4160,2,5,49,7927
4161,1,10,31,6819
4162,1,17,26,4806
4163,3,7,55,9348
4164,3,18,75,12656
4165,3,6,73,15754
4166,1,5,31,6789
4167,3,9,74,13595
4168,1,11,28,5128
4169,2,17,55,11219
4170,3,11,67,11278
4171,1,17,29,5154
4172,2,15,38,6613
4173,1,5,26,4714
4174,3,10,62,11419
4175,2,16,36,5951
4176,3,10,67,10098
4177,2,6,52,8556
4178,2,8,47,7981
4179,3,4,63,14029
4180,3,15,67,11782
4181,3,6,56,9566
4182,1,3,30,6431
4183,3,8,75,12007
4184,3,12,68,12606
4185,1,9,25,5038
4186,1,4,23,4603
4187,1,13,31,4750
4188,3,13,55,10939
4189,3,3,55,9963
4190,2,1,47,9407
4191,3,6,65,12733
4192,3,10,59,12107
4193,1,11,24,4349
4194,2,9,51,8518
4195,2,12,56,9667
4196,3,18,69,12380
4197,3,14,71,12389
4198,2,3,43,8763
4199,3,14,70,11324
4200,3,15,76,13233
4201,3,5,61,10994
4202,1,4,32,6282
4203,2,13,40,7131
4204,1,6,35,7343
4205,2,13,56,8404
4206,3,9,51,8144
4207,3,12,68,12344
4208,2,17,56,11218
4209,3,15,73,13371
4210,3,8,71,11864
4211,2,10,48,8666
4212,1,2,33,6745
4213,2,0,40,7516
4214,1,13,30,4937
4215,3,11,69,11156
4216,3,19,67,12393
4217,3,13,80,15768
4218,3,16,66,9808
4219,1,18,26,4562
4220,2,14,51,8920
4221,3,5,76,11989
4222,2,9,39,8027
4223,2,9,42,8477
4224,1,7,28,6072
4225,1,10,30,5848
4226,2,17,50,8334
4227,1,12,26,4339
4228,3,19,69,9814
4229,1,0,28,5951
4230,1,9,34,5206
4231,3,15,60,11882
4232,2,0,54,11850
4233,3,18,53,7950
4234,2,18,39,6112
4235,1,12,27,4469
4236,1,9,28,4566
4237,2,11,52,10352
4238,2,0,53,9061
4239,1,11,27,5384
4240,1,8,30,6084
4241,1,4,31,6942
4242,3,0,68,12931
4243,2,8,42,9285
4244,3,10,71,13672
4245,2,10,36,7082
4246,2,7,44,8682
4247,1,8,22,4797
4248,3,2,78,14917
4249,2,15,39,6469
4250,3,11,63,11969
4251,1,1,28,6892
4252,2,7,47,9044
4253,1,9,26,4470
4254,1,11,31,6688
4255,1,17,25,4451
4256,3,8,68,12191
4257,3,14,79,11861
4258,2,11,40,7493
4259,1,5,25,6242
4260,2,17,43,8143
4261,2,12,39,5240
4262,3,15,79,12562
4263,1,16,32,5425
4264,3,1,67,9813
4265,1,5,26,5079
4266,2,12,46,7512
4267,3,17,80,13822
4268,1,2,26,5085
4269,3,12,53,10645
4270,2,9,42,6615
4271,1,8,24,5073
4272,1,3,32,6917
4273,1,5,30,5749
4274,2,2,47,9771
4275,2,5,40,8338
4276,3,14,65,10489
4277,2,5,44,8209
4278,1,14,30,5235
4279,3,7,53,9083
4280,2,2,42,7895
4281,1,16,29,5279
4282,1,9,30,5004
4283,2,17,40,6402
4284,3,14,61,10761
4285,3,1,54,11829
4286,1,19,29,4897
4287,1,4,23,5064
4288,3,1,65,9873
4289,2,11,58,8317
4290,3,15,69,12676
4291,2,7,45,8550
4292,1,6,27,5975
4293,3,5,72,10144
4294,1,14,31,5878
4295,1,17,26,5315
4296,1,12,35,5919
4297,1,13,31,5476
4298,1,19,30,4689
4299,2,3,41,7820
4300,1,15,28,3945
4301,2,7,49,7687
4302,3,14,77,12768
4303,2,0,38,6643
4304,1,8,28,5363
4305,3,11,70,10124
4306,1,1,32,6353
4307,2,3,39,6233
4308,2,6,40,7862
4309,3,5,70,12090
4310,1,3,25,5751
4311,3,1,64,12670
4312,3,17,60,9618
4313,2,4,47,6990
4314,2,7,50,8532
4315,3,6,74,12757
4316,1,7,33,5827
4317,2,11,51,8733
4318,1,10,27,4942
4319,3,6,72,12347
4320,3,6,75,10855
4321,2,13,43,8703
4322,2,3,55,10126
4323,1,18,23,3663
4324,1,13,29,5720
4325,2,4,40,7395
4326,1,18,31,5080
4327,2,10,40,7908
4328,3,8,77,13009
4329,3,4,63,10328
4330,3,15,71,9875
4331,2,1,48,8774
4332,3,0,60,11051
4333,3,4,77,14062
4334,2,7,41,8181
4335,1,0,26,5833
4336,2,3,52,10407
4337,3,17,72,11647
4338,3,8,61,11360
4339,3,18,57,10197
4340,2,13,44,8830
4341,2,12,47,8283
4342,3,2,79,14924
4343,3,3,69,11763
4344,2,9,55,8262
4345,3,12,59,11537
4346,1,18,27,4258
4347,3,12,65,12298
4348,1,10,30,6052
4349,2,14,50,8965
4350,1,6,33,7356
4351,3,11,67,11847
4352,1,5,29,5582
4353,2,10,53,8730
4354,2,13,50,8457
4355,2,0,55,9091
4356,2,14,48,7847
4357,1,14,26,4592
4358,1,6,25,4536
4359,2,9,55,10577
4360,1,8,24,4462
4361,3,13,55,9972
4362,2,7,45,7135
4363,1,15,23,4037
4364,2,13,47,7923
4365,1,5,26,5179
4366,2,3,52,9003
4367,2,19,52,8843
4368,3,17,63,12681
4369,3,12,61,10568
4370,2,8,45,9768
4371,3,7,65,12983
4372,2,13,53,9144
4373,3,19,65,12182
4374,1,1,23,5574
4375,1,2,28,5544
4376,3,16,69,9926
4377,3,11,70,12360
4378,1,10,25,5467
4379,1,13,23,4114
4380,2,2,57,10553
4381,1,15,33,6184
4382,3,11,55,10098
4383,3,1,77,12967
4384,3,4,67,11274
4385,3,2,58,11502
4386,2,11,54,9597
4387,2,8,55,10969
4388,3,8,70,11929
4389,3,0,62,11068
4390,2,3,55,11535
4391,3,7,68,10672
4392,1,7,29,6542
4393,3,14,79,14277
4394,2,13,48,7002
4395,3,11,73,12152
4396,2,0,47,8367
4397,2,13,45,6850
4398,1,14,31,5432
4399,1,0,27,5448
4400,2,11,59,11359
4401,2,15,47,6516
4402,1,17,29,5142
4403,3,8,55,9588
4404,3,16,58,8529
4405,3,16,80,12426
4406,2,5,56,10169
4407,2,14,47,9518
4408,1,9,27,5180
4409,2,12,38,6891
4410,3,0,65,12458
4411,1,16,33,5516
4412,2,13,50,10054
4413,2,4,41,8615
4414,2,1,45,8460
4415,2,17,52,8437
4416,2,12,53,9942
4417,3,16,67,10354
4418,3,11,76,11956
4419,3,12,63,12881
4420,3,2,77,13862
4421,3,11,65,12757
4422,1,1,29,6481
4423,1,17,35,6793
4424,2,15,49,7996
4425,2,17,45,6112
4426,3,3,62,13431
4427,1,11,25,4694
4428,1,18,23,3864
4429,2,18,39,6572
4430,2,3,55,10720
4431,2,13,41,8655
4432,1,16,26,3782
4433,1,11,26,5078
4434,2,5,38,7326
4435,1,10,21,4172
4436,2,5,58,9065
4437,2,16,38,6278
4438,3,13,72,12524
4439,1,1,30,7194
4440,2,16,36,5680
4441,2,2,50,9526
4442,1,11,31,5243
4443,1,13,35,6987
4444,3,0,57,11435
4445,3,18,65,13197
4446,2,2,54,11420
4447,3,15,78,13533
4448,1,0,29,6489
4449,2,18,47,7487
4450,2,16,46,7415
4451,2,5,45,8799
4452,2,1,54,11156
4453,3,17,60,10011
4454,2,10,42,8344
4455,1,18,25,4274
4456,3,15,75,13843
4457,2,7,40,6599
4458,3,8,58,9432
4459,1,7,27,5593
4460,1,19,24,4494
4461,2,2,54,9245
4462,2,4,40,7371
4463,3,8,82,12708
4464,3,18,78,10631
4465,1,3,31,6854
4466,3,14,79,12657
4467,2,10,36,7344
4468,1,8,26,5246
4469,1,18,28,4925
4470,2,5,44,7586
4471,2,16,45,8294
4472,1,0,30,5936
4473,3,12,53,11211
4474,2,13,56,9620
4475,1,8,31,5108
4476,1,17,34,5972
4477,3,11,70,12249
4478,1,15,25,3799
4479,1,10,23,3951
4480,1,19,24,3781
4481,2,10,42,7495
4482,2,0,46,7317
4483,1,2,32,6209
4484,1,4,23,4705
4485,2,18,49,8399
4486,1,7,24,4184
4487,1,5,28,6730
4488,3,2,69,13631
4489,3,16,56,9199
4490,3,9,56,10960
4491,2,16,57,9718
4492,2,6,40,6989
4493,2,11,57,8960
4494,2,15,51,9110
4495,2,6,57,9498
4496,3,14,77,14694
4497,1,6,27,5397
4498,3,3,55,10594
4499,1,6,26,5596
4500,2,13,48,7930
4501,1,6,23,4854
4502,1,8,33,6559
4503,1,16,24,4092
4504,3,2,65,11911
4505,2,16,53,7997
4506,1,0,22,5404
4507,3,8,52,8592
4508,3,1,74,13663
4509,1,10,32,6960
4510,3,2,52,9257
4511,1,16,29,4450
4512,1,6,31,5431
4513,3,14,54,9929
4514,2,6,44,9180
4515,2,18,43,5941
4516,1,2,27,5381
4517,3,18,62,10747
4518,1,13,26,5362
4519,3,0,59,10631
4520,3,18,74,11846
4521,1,14,25,3551
4522,1,2,26,5822
4523,2,0,49,8269
4524,2,3,38,6310
4525,1,5,31,6161
4526,2,16,38,6734
4527,2,15,45,8154
4528,2,1,56,10938
4529,3,11,67,11877
4530,1,0,30,7204
4531,2,15,49,7762
4532,1,19,27,4456
4533,2,1,52,9981
4534,2,5,42,9146
4535,1,0,29,6762
4536,2,18,54,10936
4537,2,10,51,8430
4538,1,6,27,6103
4539,1,14,30,5294
4540,2,10,56,10193
4541,1,8,24,4222
4542,1,11,30,4847
4543,3,2,58,10193
4544,1,5,23,4825
4545,3,18,66,9882
4546,1,3,32,6693
4547,3,6,71,12667
4548,1,17,25,4597
4549,2,16,42,7782
4550,1,18,29,5026
4551,1,13,31,5275
4552,1,18,31,5484
4553,1,7,30,5816
4554,1,2,22,5302
4555,2,14,46,7841
4556,1,16,28,3851
4557,1,5,24,5405
4558,2,8,58,8643
4559,3,4,69,13030
4560,1,14,27,5135
4561,2,15,42,6989
4562,1,17,30,5339
4563,3,2,57,10101
4564,1,16,29,5341
4565,1,11,28,5948
4566,2,5,41,6835
4567,1,1,25,5670
4568,3,14,68,11631
4569,2,13,44,9088
4570,3,11,62,10474
4571,2,16,51,10307
4572,3,1,74,13719
4573,1,15,29,5616
4574,3,11,73,11712
4575,2,1,39,7411
4576,1,4,31,5929
4577,3,16,71,12465
4578,1,4,23,3938
4579,1,1,27,5823
4580,3,0,80,13870
4581,1,19,33,5117
4582,1,14,29,5009
4583,3,12,59,10577
4584,1,8,30,6066
4585,2,0,49,10060
4586,2,2,38,6531
4587,1,9,27,4720
4588,2,8,46,7958
4589,3,8,56,10931
4590,2,16,51,8029
4591,1,12,22,4804
4592,1,2,28,6275
4593,2,3,45,7675
4594,2,17,56,9498
4595,3,13,74,13750
4596,1,11,25,4737
4597,2,15,49,6845
4598,1,10,26,5427
4599,3,10,55,9327
4600,3,7,70,13083
4601,1,17,27,3738
4602,2,4,50,8152
4603,2,12,38,6288
4604,1,3,30,6104
4605,2,10,40,6896
4606,1,8,33,5956
4607,1,17,26,4324
4608,1,6,32,5823
4609,2,9,51,10349
4610,1,15,29,4952
4611,3,19,78,11288
4612,2,2,46,8648
4613,3,2,63,11592
4614,2,0,41,8313
4615,3,14,60,7017
4616,2,15,57,11472
4617,3,16,59,8360
4618,1,1,34,5810
4619,1,7,29,5351
4620,3,14,67,11864
4621,3,2,70,11976
4622,2,9,54,8421
4623,2,2,43,8678
4624,1,11,31,5846
4625,3,5,76,15130
4626,2,6,47,9347
4627,2,4,53,10276
4628,3,17,80,11540
4629,1,5,29,6521
4630,2,17,38,5580
4631,2,9,40,6627
4632,1,0,24,5580
4633,2,18,45,5582
4634,2,18,56,9525
4635,3,4,52,8390
4636,3,7,54,9326
4637,3,0,73,15459
4638,3,18,81,13315
4639,2,1,43,8324
4640,2,13,51,8927
4641,3,13,75,10705
4642,1,5,30,6380
4643,3,19,75,15361
4644,1,7,32,5870
4645,2,2,56,10823
4646,2,17,55,7872
4647,1,0,30,6283
4648,2,15,55,9542
4649,1,9,34,6456
4650,3,18,64,11140
4651,2,2,53,10052
4652,3,13,78,10891
4653,1,4,26,5641
4654,3,16,56,11416
4655,1,16,24,3974
4656,1,17,26,4008
4657,3,5,64,10172
4658,3,8,77,14024
4659,3,6,55,10097
4660,2,4,50,9959
4661,2,15,40,5867
4662,1,8,28,4887
4663,2,17,57,8817
4664,1,7,30,5661
4665,3,7,72,11937
4666,1,13,26,4652
4667,3,5,55,10440
4668,2,14,50,9686
4669,2,4,42,8816
4670,3,16,57,11787
4671,1,4,30,5973
4672,3,3,58,10191
4673,2,5,41,6654
4674,3,8,69,11137
4675,1,10,23,4799
4676,2,2,47,7710
4677,1,19,31,4658
4678,3,9,76,12051
4679,1,12,32,5520
4680,2,8,47,8494
4681,2,3,50,10036
4682,2,5,46,7373
4683,2,18,38,5155
4684,3,9,77,13302
4685,1,7,30,4910
4686,1,2,31,7471
4687,1,16,24,3903
4688,3,8,64,10534
4689,3,12,79,12732
4690,3,18,71,14206
4691,1,10,21,4415
4692,3,19,60,10273
4693,3,5,83,13440
4694,2,5,51,8815
4695,3,17,77,12148
4696,1,18,32,4541
4697,2,4,49,9446
4698,2,9,41,7395
4699,2,0,44,8612
4700,1,13,28,5544
4701,3,11,74,15001
4702,2,19,47,6747
4703,1,14,24,4627
4704,3,18,66,12457
4705,2,4,45,7664
4706,1,16,31,6173
4707,1,2,25,5197
4708,3,5,55,9506
4709,2,1,51,9274
4710,3,9,64,10942
4711,1,18,26,4064
4712,2,1,48,7402
4713,2,0,50,10385
4714,2,19,52,9894
4715,3,13,60,10074
4716,1,8,35,6273
4717,1,13,27,4794
4718,3,14,56,9284
4719,3,10,61,10439
4720,1,12,28,5947
4721,3,2,80,15703
4722,1,1,24,5023
4723,1,3,22,4767
4724,3,7,72,12043
4725,3,19,65,9849
4726,1,17,27,3886
4727,1,17,32,4763
4728,2,18,41,7039
4729,2,1,44,9692
4730,2,16,48,7806
4731,2,7,53,9153
4732,1,18,27,4913
4733,2,9,48,7551
4734,1,5,25,4397
4735,3,17,58,9634
4736,1,0,28,5940
4737,1,4,32,6314
4738,1,7,23,5143
4739,1,6,27,5311
4740,2,15,47,7770
4741,3,3,66,11852
4742,3,4,54,10900
4743,1,19,28,5271
4744,3,16,69,12097
4745,3,9,76,12896
4746,3,4,72,8652
4747,2,8,53,9091
4748,3,14,67,10159
4749,1,14,28,4597
4750,1,6,34,7333
4751,2,14,59,8728
4752,2,16,41,7033
4753,1,8,30,6098
4754,1,13,29,4914
4755,3,15,54,8320
4756,2,12,38,7633
4757,1,11,29,4777
4758,2,8,45,7958
4759,2,2,37,7419
4760,1,0,23,5406
4761,3,18,80,9963
4762,3,10,70,12906
4763,3,16,63,10281
4764,2,16,56,10381
4765,2,8,46,8884
4766,2,9,50,10056
4767,1,16,23,3961
4768,3,10,64,11610
4769,1,10,32,6340
4770,3,0,53,9424
4771,2,13,55,11701
4772,1,11,26,5309
4773,1,11,28,5432
4774,2,7,50,9220
4775,1,9,27,6317
4776,2,9,44,8153
4777,3,2,72,13312
4778,1,19,29,4012
4779,1,16,26,4525
4780,2,11,36,7358
4781,2,2,44,8740
4782,1,5,34,5668
4783,3,1,65,11306
4784,3,8,58,7711
4785,1,14,33,5884
4786,3,16,72,13761
4787,2,12,52,10036
4788,3,19,78,11536
4789,1,17,27,5359
4790,3,4,77,13377
4791,2,11,48,8878
4792,1,4,21,4931
4793,1,18,31,5481
4794,3,11,72,15132
4795,3,13,70,12343
4796,3,0,83,14064
4797,2,6,46,8468
4798,2,4,45,7715
4799,1,19,26,4913
4800,3,3,78,14246
4801,2,5,43,8987
4802,1,19,23,4338
4803,2,14,43,6587
4804,2,0,57,11161
4805,3,14,64,11179
4806,1,0,31,6304
4807,1,4,26,5499
4808,2,13,42,7020
4809,3,4,51,8498
4810,1,14,25,4552
4811,1,4,32,7616
4812,1,17,27,4824
4813,1,10,28,4727
4814,2,12,55,8509
4815,1,19,25,4337
4816,2,2,39,7650
4817,2,16,38,6597
4818,1,7,26,5500
4819,1,12,23,4364
4820,1,8,30,5810
4821,1,6,30,6549
4822,1,18,26,4571
4823,1,8,28,5512
4824,2,9,43,7564
4825,3,12,60,9854
4826,3,13,74,12589
4827,2,17,45,8225
4828,2,19,48,7039
4829,3,10,72,10512
4830,3,3,51,9441
4831,1,7,28,5209
4832,1,7,34,5621
4833,1,14,34,5167
4834,1,3,26,5293
4835,3,11,73,11637
4836,1,18,32,4948
4837,2,9,45,6737
4838,3,14,71,10596
4839,1,4,28,6844
4840,3,17,55,8403
4841,1,13,32,6912
4842,3,2,71,12053
4843,1,0,26,5505
4844,3,17,80,15819
4845,1,10,30,5389
4846,2,5,43,8052
4847,3,10,71,11355
4848,2,11,40,7209
4849,1,19,27,3743
4850,2,0,46,10210
4851,2,9,51,10599
4852,2,1,45,7857
4853,1,18,28,4911
4854,3,6,82,13301
4855,2,5,38,7101
4856,3,4,60,10080
4857,1,18,26,3506
4858,1,8,29,5351
4859,2,16,52,10125
4860,1,7,28,5905
4861,2,11,46,8984
4862,2,19,39,6834
4863,2,9,57,9161
4864,1,13,28,4913
4865,2,11,44,8157
4866,3,7,75,13393
4867,3,8,78,14951
4868,3,17,74,14522
4869,1,19,30,4473
4870,3,16,59,8995
4871,1,19,26,4295
4872,2,10,56,9799
4873,2,17,43,5675
4874,3,6,69,13488
4875,1,8,23,4254
4876,3,13,68,10687
4877,2,13,44,7666
4878,1,16,31,5670
4879,2,8,54,9408
4880,2,10,56,9832
4881,2,16,55,8138
4882,3,0,82,15244
4883,3,2,60,10479
4884,2,16,44,6915
4885,3,15,76,12999
4886,2,3,52,9652
4887,1,9,25,5357
4888,3,11,53,10351
4889,3,8,57,10408
4890,2,19,46,8920
4891,1,16,29,4993
4892,2,9,46,7343
4893,2,2,53,8917
4894,2,16,50,10145
4895,2,13,50,8413
4896,1,14,35,5792
4897,3,3,77,13290
4898,2,2,42,7698
4899,1,4,28,5361
4900,2,5,52,10507
4901,1,14,30,6036
4902,3,2,74,13439
4903,1,3,28,6107
4904,2,9,55,9244
4905,2,10,51,10560
4906,1,15,32,5259
4907,3,9,82,15693
4908,3,16,63,12733
4909,3,1,58,12897
4910,2,14,50,8031
4911,3,11,54,9598
4912,3,14,67,11194
4913,3,19,54,9537
4914,3,0,57,10131
4915,2,8,46,7446
4916,3,6,78,14322
4917,3,19,56,8466
4918,1,11,32,5103
4919,1,13,30,5793
4920,3,14,74,13896
4921,2,18,57,8813
4922,1,5,33,6754
4923,1,16,23,4319
4924,3,0,82,14126
4925,3,2,78,12943
4926,2,1,58,8851
4927,3,8,77,13291
4928,1,3,33,6342
4929,3,18,66,8778
4930,2,2,45,9191
4931,2,11,43,7721
4932,1,1,23,4851
4933,3,12,73,15329
4934,1,16,33,5413
4935,1,17,26,5414
4936,2,3,50,8304
4937,1,15,33,6645
4938,3,6,63,11640
4939,1,10,31,6889
4940,1,12,29,5469
4941,3,7,67,11520
4942,3,5,62,11289
4943,1,18,30,4873
4944,1,2,33,8113
4945,3,1,76,15464
4946,3,16,69,11847
4947,3,3,52,8953
4948,3,18,79,11023
4949,2,19,38,6588
4950,1,9,25,5068
4951,3,8,55,11057
4952,1,18,21,3829
4953,2,16,42,9275
4954,2,3,51,11061
4955,3,18,60,8086
4956,2,13,57,9317
4957,3,5,69,13604
4958,1,3,34,7384
4959,3,19,66,10940
4960,1,10,29,5269
4961,1,6,28,6260
4962,2,18,53,9629
4963,2,15,50,9257
4964,2,2,51,9143
4965,2,11,48,9410
4966,2,6,52,9993
4967,2,9,55,10347
4968,3,13,57,9068
4969,2,17,56,7942
4970,2,3,51,9820
4971,3,9,74,11752
4972,3,4,76,13903
4973,1,15,34,6536
4974,1,0,29,6230
4975,1,19,22,4071
4976,1,6,34,7051
4977,1,4,34,6747
4978,3,1,59,10565
4979,2,7,51,9160
4980,2,17,45,7983
4981,3,6,72,12274
4982,1,19,25,4521
4983,2,17,54,10351
4984,1,8,27,5825
4985,3,13,74,10674
4986,3,16,60,11026
4987,2,11,41,8536
4988,1,5,30,5952
4989,3,15,66,13343
4990,2,6,49,9646
4991,1,19,30,5077
4992,3,2,74,12667
4993,2,19,43,9181
4994,1,4,27,6262
4995,2,18,59,11192
4996,2,0,52,8455
4997,2,7,39,7082
4998,1,2,27,4775
4999,2,6,43,8823
5000,1,0,29,7700
